TransactionID,SaleDate,CustomerID,ProductID,StoreID,CampaignID,SaleAmount,AmtSoldFiscalYear,PaymentType
1,5/4/2025,1034,2059,402,0,2048.2,15,Credit
2,5/4/2025,1066,2048,403,1,321.87,70,PayPal
3,5/4/2025,1116,2041,403,3,3216.84,60,Cash/Debit
4,5/4/2025,1071,2096,404,2,1613.23,51,Cash/Debit
5,5/4/2025,1020,2060,401,0,408.38,44,PayPal
6,5/4/2025,1089,2028,401,0,1275.88,10,Credit
7,5/4/2025,1193,2003,402,1,346.66,32,Credit
8,5/4/2025,1005,2079,402,1,855.49,10,Cash/Debit
9,5/4/2025,1032,2060,401,1,735.08,56,PayPal
10,5/4/2025,1119,2089,403,2,661.63,60,Credit
11,5/4/2025,1042,2077,401,,505.65,25,PayPal
12,5/4/2025,1079,2013,401,2,0,30,PayPal
13,5/4/2025,1147,2086,404,3,4470.5,13,Credit
14,5/4/2025,1183,2025,401,1,503.32,65,PayPal
15,5/4/2025,1026,2089,403,0,413.52,66,Credit
16,5/4/2025,1144,2005,403,3,1715.12,18,Cash/Debit
17,5/4/2025,1169,2047,401,2,535.97,32,PayPal
18,5/4/2025,1003,2053,404,0,3660.9,12,PayPal
19,5/4/2025,1110,2046,404,1,30.09,42,Cash/Debit
20,5/4/2025,1111,2022,403,3,671.18,44,PayPal
21,5/4/2025,1119,2055,403,2,?,28,Cash/Debit
22,5/4/2025,1062,2011,403,3,1229.22,35,Cash/Debit
23,5/4/2025,1062,2096,404,3,672.18,37,Credit
24,5/4/2025,1086,2003,404,2,924.43,63,Cash/Debit
25,5/4/2025,1046,2062,402,2,1981.95,18,Credit
26,5/4/2025,1066,2043,403,2,698.76,51,Cash/Debit
27,5/4/2025,1142,2001,402,0,1237.05,12,Credit
28,5/4/2025,1061,2092,404,3,482.21,9,Credit
29,5/4/2025,1142,2097,402,3,4210.5,5,Credit
30,5/4/2025,1165,2091,404,3,4528.95,7,Cash/Debit
31,2023-13-01,1004,2011,403,1,737.53,68,Cash/Debit
32,5/4/2025,1103,2088,402,2,0,38,Cash/Debit
33,5/4/2025,1169,2074,403,3,0,45,PayPal
34,5/4/2025,1141,2067,403,3,872.85,9,PayPal
35,5/4/2025,1190,2070,403,2,54.69,51,Credit
36,5/4/2025,1179,2058,403,2,1066.8,4,Cash/Debit
37,5/4/2025,1064,2029,401,1,12.16,55,PayPal
38,5/4/2025,1080,2015,402,1,3037.36,3,PayPal
39,5/4/2025,1055,2094,404,2,1578.72,11,Cash/Debit
40,5/4/2025,1185,2075,403,0,0,48,Credit
41,5/4/2025,9999,2037,402,2,288.11,44,PayPal
42,5/4/2025,1045,2038,401,1,1667.72,10,Credit
43,5/4/2025,1070,2005,401,2,686.05,19,Credit
44,5/4/2025,1178,2016,404,0,0,70,Cash/Debit
45,5/4/2025,1003,2073,403,3,1498.29,36,Cash/Debit
46,5/4/2025,1122,2056,403,1,944.5,74,Cash/Debit
47,5/4/2025,1013,2032,404,0,2836.8,59,Cash/Debit
48,5/4/2025,1016,2051,404,0,117.32,2,Cash/Debit
49,5/4/2025,1147,2080,401,1,0,44,PayPal
50,5/4/2025,1038,2072,403,0,840.6,40,Credit
51,5/4/2025,1063,2015,404,1,1214.95,27,Credit
52,5/4/2025,1198,2066,404,3,516.06,22,PayPal
53,5/4/2025,1113,2038,404,2,2223.62,15,Cash/Debit
54,5/4/2025,1145,2079,401,0,1901.08,51,Cash/Debit
55,5/4/2025,1195,2026,402,2,507.74,52,PayPal
56,5/4/2025,1169,2010,402,1,140.11,33,Cash/Debit
57,5/4/2025,1044,2070,401,1,0,9,PayPal
58,5/4/2025,1000,2052,404,3,2193.78,29,Credit
59,5/4/2025,1074,2004,402,2,741.8,18,Credit
60,5/4/2025,1180,2036,404,0,217.98,55,PayPal
61,5/4/2025,1175,2029,403,1,36.48,6,Credit
62,5/4/2025,1108,2014,402,1,221.67,63,Cash/Debit
63,5/4/2025,1068,2018,401,0,2169.04,6,PayPal
64,5/4/2025,1042,2039,403,3,2929.32,1,Cash/Debit
65,5/4/2025,1031,2059,403,3,0,32,Cash/Debit
66,5/4/2025,1069,2064,404,3,1470.2,58,PayPal
67,5/4/2025,1020,2076,401,3,4836.42,16,Cash/Debit
68,5/4/2025,1188,2041,403,0,1608.42,67,Credit
69,5/4/2025,1023,2029,401,2,0,12,Cash/Debit
70,5/4/2025,1147,2005,402,3,0,34,PayPal
71,5/4/2025,1132,2083,404,2,614.53,23,Credit
72,5/4/2025,1046,2074,404,3,659.5,58,PayPal
73,5/4/2025,1023,2060,403,3,1225.14,20,Cash/Debit
74,5/4/2025,1085,2041,401,1,1447.58,71,PayPal
75,5/4/2025,1084,2052,404,2,2925.04,8,Credit
76,5/4/2025,1169,2051,401,3,117.32,6,Cash/Debit
77,5/4/2025,1022,2040,403,2,55.26,30,Cash/Debit
78,5/4/2025,1029,2098,404,0,3631.44,31,PayPal
79,5/4/2025,1168,2069,404,3,232.39,52,Cash/Debit
80,5/4/2025,1013,2024,403,3,372.81,41,Credit
81,5/4/2025,1160,2056,401,1,472.25,44,Cash/Debit
82,5/4/2025,1068,2070,402,2,109.38,36,PayPal
83,5/4/2025,1112,2089,404,0,2067.6,60,Credit
84,5/4/2025,1007,2080,402,1,1498.07,159,Credit
85,5/4/2025,1079,2070,401,3,34.18,12,Cash/Debit
86,5/4/2025,1023,2028,401,3,2551.76,64,Credit
87,5/4/2025,1030,2082,402,3,799.8,37,Cash/Debit
88,5/4/2025,1183,2037,403,3,2160.84,75,Cash/Debit
89,5/4/2025,1123,2060,402,3,2450.28,14,Cash/Debit
90,5/4/2025,1141,2018,404,1,2440.17,44,PayPal
91,5/4/2025,1153,2065,402,0,470.34,42,Cash/Debit
92,5/4/2025,1070,2098,404,2,0,25,PayPal
93,5/4/2025,1129,2034,401,2,108.94,56,PayPal
94,5/4/2025,1185,2038,404,1,1667.72,44,Credit
95,5/4/2025,1114,2068,404,2,656.19,39,Cash/Debit
96,5/4/2025,1085,2070,404,3,0,19,Cash/Debit
97,5/4/2025,1082,2024,402,3,372.81,23,PayPal
98,5/4/2025,1059,2099,404,0,1292.64,32,PayPal
99,5/4/2025,1081,2095,404,3,490.79,9,PayPal
100,5/4/2025,1098,2084,402,3,0,66,Cash/Debit
101,5/4/2025,1009,2016,403,0,969.06,56,PayPal
102,5/4/2025,1112,2012,404,0,1869.57,55,Cash/Debit
103,5/4/2025,1184,2018,404,1,488.03,44,PayPal
104,5/4/2025,1019,2060,403,2,0,45,PayPal
105,5/4/2025,1159,2088,404,0,0,27,Credit
106,5/4/2025,1084,2086,404,2,2861.12,4,Cash/Debit
107,5/4/2025,1160,2091,404,0,905.79,13,Credit
108,5/4/2025,1158,2008,402,2,159.82,22,Credit
109,5/4/2025,1058,2095,401,3,2453.95,21,Cash/Debit
110,5/4/2025,1025,2097,401,3,842.1,30,PayPal
111,5/4/2025,1042,2088,403,0,709.35,43,Cash/Debit
112,5/4/2025,1011,2041,401,2,0,44,Credit
113,5/4/2025,1091,2047,404,1,0,23,Credit
114,5/4/2025,1062,2067,404,1,0,25,Cash/Debit
115,5/4/2025,1043,2022,401,3,2684.72,26,PayPal
116,5/4/2025,1158,2087,402,3,477.96,24,Cash/Debit
117,5/4/2025,1149,2018,402,3,1626.78,28,Credit
118,5/4/2025,1163,2032,404,2,756.48,5,Credit
119,5/4/2025,1170,2001,404,2,659.76,61,PayPal
120,5/4/2025,1173,2069,402,0,464.78,39,PayPal
121,5/4/2025,1113,2044,403,3,0,37,Credit
122,5/4/2025,1176,2032,404,2,756.48,15,Credit
123,5/4/2025,1050,2049,404,0,2819.52,49,Credit
124,5/4/2025,1060,2048,403,2,1144.42,29,Credit
125,5/4/2025,1179,2037,401,3,1440.56,5,PayPal
126,5/4/2025,1070,2001,401,3,0,59,Credit
127,5/4/2025,1073,2099,402,2,0,11,Credit
128,5/4/2025,1056,2081,402,2,0,40,Cash/Debit
129,5/4/2025,1173,2096,402,0,672.18,67,PayPal
130,5/4/2025,1160,2082,401,2,426.56,48,PayPal
131,5/4/2025,1112,2004,403,1,1669.05,19,PayPal
132,5/4/2025,1023,2037,403,3,2160.84,32,Credit
133,5/4/2025,1044,2025,402,2,223.7,56,PayPal
134,5/4/2025,1135,2064,403,1,793.91,37,PayPal
135,5/4/2025,1065,2061,403,2,639.74,42,Credit
136,5/4/2025,1029,2059,401,1,921.69,19,Cash/Debit
137,5/4/2025,1193,2028,404,2,1531.06,3,PayPal
138,5/4/2025,1023,2050,401,2,298.85,26,Credit
139,5/4/2025,1137,2015,404,2,539.98,29,PayPal
140,5/4/2025,1172,2095,403,3,2453.95,20,Credit
141,5/4/2025,1163,2047,401,1,301.48,6,PayPal
142,5/4/2025,1120,2003,403,1,1039.99,7,PayPal
143,5/4/2025,1165,2008,404,2,53.27,42,Credit
144,5/4/2025,1166,2052,401,1,658.13,29,PayPal
145,5/4/2025,1011,2004,403,3,3709,73,Credit
146,5/4/2025,1029,2012,402,1,0,44,Credit
147,5/4/2025,1099,2058,403,3,666.75,13,PayPal
148,5/4/2025,1150,2095,402,3,490.79,47,Cash/Debit
149,5/4/2025,1167,2012,404,3,0,42,PayPal
150,5/4/2025,1071,2004,403,1,834.52,46,PayPal
151,5/4/2025,1113,2056,402,2,839.55,74,Cash/Debit
152,5/4/2025,1025,2087,403,2,0,22,Credit
153,5/4/2025,1015,2050,403,1,504.31,24,PayPal
154,5/4/2025,1031,2058,401,1,2400.3,33,PayPal
155,5/4/2025,1164,2081,401,0,2984.88,52,Credit
156,5/4/2025,1085,2031,402,1,508.77,9,PayPal
157,5/4/2025,1017,2097,402,1,757.89,41,PayPal
158,5/4/2025,1059,2042,402,0,0,75,Credit
159,5/4/2025,1070,2018,402,2,0,16,PayPal
160,5/4/2025,1044,2014,401,1,886.68,69,Credit
161,5/4/2025,1003,2045,402,2,499.42,54,Cash/Debit
162,5/4/2025,1004,2022,403,0,671.18,67,Cash/Debit
163,5/4/2025,1032,2094,404,0,493.35,43,Credit
164,5/4/2025,1190,2008,404,3,266.36,3,PayPal
165,5/4/2025,1199,2046,401,3,167.15,44,Credit
166,5/4/2025,1128,2028,401,2,2041.41,159,Credit
167,5/4/2025,1117,2082,401,0,799.8,36,Credit
168,5/4/2025,1122,2051,404,0,234.64,28,Credit
169,5/4/2025,1125,2091,404,0,1811.58,28,Credit
170,5/4/2025,1020,2041,402,0,0,57,Credit
171,5/4/2025,1032,2035,403,3,4499.95,55,PayPal
172,5/4/2025,1152,2067,403,3,872.85,34,PayPal
173,5/4/2025,1129,2077,404,0,2809.15,72,PayPal
174,5/4/2025,1179,2014,402,3,738.9,38,Credit
175,5/4/2025,1115,2029,404,2,0,31,Credit
176,5/4/2025,1116,2051,404,0,351.96,54,Credit
177,5/4/2025,1080,2054,403,2,3602.04,2,Credit
178,5/4/2025,1095,2019,404,0,933.93,14,Credit
179,5/4/2025,1023,2010,401,3,0,9,?
180,5/4/2025,1024,2095,403,1,3533.69,13,Credit
181,5/4/2025,1142,2007,403,0,583.39,13,Cash/Debit
182,5/4/2025,1105,2045,404,0,624.28,9,Cash/Debit
183,5/4/2025,1073,2076,403,2,1934.57,54,Credit
184,5/4/2025,1026,2073,402,1,1797.95,2,Cash/Debit
185,5/4/2025,1168,2061,402,0,599.76,37,PayPal
186,5/4/2025,1089,2071,403,0,0,65,PayPal
187,5/4/2025,1195,2035,402,3,0,76,Credit
188,5/4/2025,1143,2098,401,2,2178.86,3,Cash/Debit
189,5/4/2025,1007,2023,403,2,751.63,8,Credit
190,5/4/2025,1086,2044,401,1,373.64,43,PayPal
191,5/4/2025,1036,2072,404,0,1260.9,10,Credit
192,5/4/2025,1036,2094,401,0,2466.75,36,Cash/Debit
193,5/4/2025,1191,2067,402,3,872.85,64,Credit
194,5/4/2025,1107,2058,403,1,1800.22,12,PayPal
195,5/4/2025,1094,2039,403,0,1952.88,61,PayPal
196,5/4/2025,1013,2019,402,0,0,58,PayPal
197,5/4/2025,1172,2010,403,3,0,2,?
198,5/4/2025,1169,2054,404,3,900.51,2,Cash/Debit
199,5/4/2025,1106,2034,402,0,136.17,63,PayPal
200,5/4/2025,1088,2055,401,2,129.46,56,PayPal
201,5/4/2025,1173,2086,404,2,715.28,8,PayPal
202,5/4/2025,1011,2028,404,0,0,49,PayPal
203,5/4/2025,1001,2026,403,1,190.4,45,Credit
204,5/4/2025,1196,2017,403,2,370.96,54,PayPal
205,5/4/2025,1083,2015,401,3,0,73,PayPal
206,5/4/2025,1191,2055,402,1,48.55,21,Credit
207,5/4/2025,1097,2068,402,2,1312.38,13,Cash/Debit
208,5/4/2025,1018,2050,401,3,0,76,Credit
209,5/4/2025,1004,2058,401,2,1066.8,25,Cash/Debit
210,5/4/2025,1147,2054,404,3,2701.53,49,Credit
211,5/4/2025,1074,2014,404,0,738.9,67,Cash/Debit
212,5/4/2025,1083,2021,404,2,668.33,64,Cash/Debit
213,5/4/2025,1022,2055,401,1,97.09,69,Credit
214,5/4/2025,1111,2075,404,0,1561.28,5,Credit
215,5/4/2025,1101,2039,403,1,2636.39,58,Cash/Debit
216,5/4/2025,1085,2099,402,0,646.32,46,Credit
217,5/4/2025,1130,2081,401,1,1343.2,52,PayPal
218,5/4/2025,1198,2044,403,1,186.82,32,Cash/Debit
219,5/4/2025,1060,2013,402,2,0,53,Credit
220,5/4/2025,1050,2022,402,0,671.18,30,Cash/Debit
221,5/4/2025,1045,2098,404,3,907.86,30,PayPal
222,5/4/2025,1193,2072,404,2,1681.2,,
223,5/4/2025,1160,2040,402,3,138.16,1,PayPal
224,5/4/2025,1017,2060,404,2,0,3,PayPal
225,5/4/2025,1070,2075,401,2,624.51,65,PayPal
226,5/4/2025,1129,2009,403,3,198.93,59,Cash/Debit
227,5/4/2025,1115,2004,401,2,2225.4,40,Credit
228,5/4/2025,1073,2009,401,3,66.31,56,PayPal
229,5/4/2025,1118,2074,401,3,659.5,34,Cash/Debit
230,5/4/2025,1146,2083,402,2,614.53,39,PayPal
231,5/4/2025,1154,2060,402,0,408.38,10,PayPal
232,5/4/2025,1115,2013,403,0,2806.08,9,Credit
233,5/4/2025,1129,2082,402,0,1066.4,71,PayPal
234,5/4/2025,1063,2090,404,3,71.64,2,PayPal
235,5/4/2025,1134,2066,402,2,1238.54,39,PayPal
236,5/4/2025,1095,2036,404,3,653.94,35,PayPal
237,5/4/2025,1198,2043,401,2,1397.52,25,PayPal
238,5/4/2025,1016,2042,401,3,0,23,PayPal
239,5/4/2025,1072,2032,402,2,1512.96,74,PayPal
240,5/4/2025,1020,2074,402,2,527.6,4,Cash/Debit
241,5/4/2025,1079,2083,404,1,691.34,21,Credit
242,5/4/2025,1152,2090,401,2,57.31,15,Cash/Debit
243,5/4/2025,1143,2048,403,1,0,10,Cash/Debit
244,5/4/2025,1171,2089,401,3,1654.08,63,PayPal
245,5/4/2025,1130,2046,401,2,106.98,37,Credit
246,5/4/2025,1079,2023,402,2,3006.53,21,Credit
247,5/4/2025,1196,2062,402,1,1114.85,13,Credit
248,5/4/2025,1035,2019,401,2,0,20,Cash/Debit
249,5/4/2025,1025,2064,401,2,705.7,44,PayPal
250,5/4/2025,1196,2079,402,3,2851.62,73,Cash/Debit
251,5/4/2025,1039,2020,402,1,338.25,29,Credit
252,5/4/2025,1184,2056,401,3,1574.16,29,PayPal
253,5/4/2025,1093,2086,402,3,3576.4,75,Credit
254,5/4/2025,1156,2036,404,1,392.36,63,Cash/Debit
255,5/4/2025,1136,2030,403,3,509.91,11,PayPal
256,5/4/2025,1049,2047,404,3,1674.9,22,Credit
257,5/4/2025,1196,2036,404,3,0,38,Credit
258,5/4/2025,1041,2025,402,2,671.09,48,Credit
259,5/4/2025,1013,2082,404,2,1066.4,64,PayPal
260,5/4/2025,1141,2013,401,2,748.29,58,Credit
261,5/4/2025,1021,2097,402,2,673.68,13,Cash/Debit
262,5/4/2025,1115,2065,402,3,1881.36,56,PayPal
263,5/4/2025,1023,2028,404,2,510.35,33,Cash/Debit
264,5/4/2025,1006,2053,401,3,610.15,65,Cash/Debit
265,5/4/2025,1128,2047,402,3,1004.94,54,Cash/Debit
266,5/4/2025,1020,2047,402,0,669.96,9,Credit
267,5/4/2025,1081,2012,403,1,1682.61,45,Credit
268,5/4/2025,1035,2004,403,3,927.25,4,Cash/Debit
269,5/4/2025,1178,2017,404,3,1854.8,9,Cash/Debit
270,5/4/2025,1157,2000,401,0,1938.62,55,Credit
271,5/4/2025,1065,2027,402,3,775.83,64,Credit
272,5/4/2025,1028,2099,403,1,3490.13,31,Cash/Debit
273,5/4/2025,1077,2015,401,1,1822.42,19,Credit
274,5/4/2025,1107,2081,404,0,2238.66,26,PayPal
275,5/4/2025,1028,2063,401,1,994.43,24,Cash/Debit
276,5/4/2025,1183,2018,403,3,2711.3,54,PayPal
277,5/4/2025,1000,2078,403,1,0,71,Cash/Debit
278,5/4/2025,1146,2053,402,0,1220.3,68,Credit
279,5/4/2025,1134,2046,401,0,33.43,71,Cash/Debit
280,5/4/2025,1099,2060,401,3,1633.52,62,PayPal
281,5/4/2025,1095,2032,401,2,1512.96,49,PayPal
282,5/4/2025,1017,2044,402,0,207.58,63,Credit
283,5/4/2025,1197,2074,403,1,593.55,19,PayPal
284,5/4/2025,1011,2045,403,1,842.78,17,Credit
285,5/4/2025,1199,2087,404,3,159.32,13,Cash/Debit
286,5/4/2025,1161,2023,402,0,939.54,22,Cash/Debit
287,5/4/2025,1183,2099,404,0,1292.64,20,Credit
288,5/4/2025,1075,2025,401,1,0,16,Credit
289,5/4/2025,1010,2040,403,3,138.16,68,Credit
290,5/4/2025,1139,2060,403,0,1225.14,28,Cash/Debit
291,5/4/2025,1192,2082,402,2,213.28,73,PayPal
292,5/4/2025,1091,2099,401,2,1034.11,30,PayPal
293,5/4/2025,1069,2015,403,3,2699.88,27,Cash/Debit
294,5/4/2025,1102,2095,404,3,1472.37,75,Cash/Debit
295,5/4/2025,1086,2023,404,3,3758.16,58,Credit
296,5/4/2025,1094,2066,403,0,1032.12,53,PayPal
297,5/4/2025,1186,2054,401,3,0,10,PayPal
298,5/4/2025,1154,2023,403,2,751.63,10,Cash/Debit
299,5/4/2025,1026,2010,403,2,62.27,3,Credit
300,5/4/2025,1078,2057,404,1,393.28,43,PayPal
301,5/4/2025,1176,2056,403,3,524.72,39,Credit
302,5/4/2025,1010,2093,403,3,0,55,Credit
303,5/4/2025,1070,2081,401,0,1492.44,3,Credit
304,5/4/2025,1171,2081,404,2,596.98,46,Cash/Debit
305,5/4/2025,1131,2095,402,0,1472.37,,
306,5/4/2025,1036,2077,404,0,1123.66,31,Cash/Debit
307,5/4/2025,1032,2008,402,2,106.54,45,PayPal
308,5/4/2025,1092,2049,401,1,0,7,Cash/Debit
309,5/4/2025,1173,2057,403,2,349.58,57,PayPal
310,5/4/2025,1113,2097,401,1,757.89,2,Cash/Debit
311,5/4/2025,1135,2046,404,2,80.23,52,Credit
312,5/4/2025,1166,2035,402,0,899.99,23,PayPal
313,5/4/2025,1006,2094,402,3,1480.05,6,Credit
314,5/4/2025,1132,2049,401,2,1503.74,48,Credit
315,5/4/2025,1198,2033,404,1,2257.88,64,PayPal
316,5/4/2025,1156,2036,404,1,784.73,60,Credit
317,5/4/2025,1031,2017,401,3,0,46,Credit
318,5/4/2025,1044,2091,404,0,1811.58,10,PayPal
319,5/4/2025,1174,2040,403,0,34.54,75,Credit
320,5/4/2025,1140,2069,403,2,557.74,57,PayPal
321,5/4/2025,1040,2091,402,2,724.63,47,PayPal
322,5/4/2025,1130,2028,401,1,574.15,60,PayPal
323,5/4/2025,1035,2030,404,0,339.94,72,Credit
324,5/4/2025,1092,2070,403,3,102.54,37,Credit
325,5/4/2025,1141,2016,401,0,0,49,PayPal
326,5/4/2025,1079,2050,404,3,186.78,57,PayPal
327,5/4/2025,1196,2052,401,1,2632.54,49,PayPal
328,5/4/2025,1081,2082,401,3,1066.4,30,PayPal
329,5/4/2025,1119,2087,403,1,0,27,PayPal
330,5/4/2025,1199,2070,402,1,30.76,65,PayPal
331,5/4/2025,1110,2064,401,0,0,34,Credit
332,5/4/2025,1132,2019,403,1,1681.07,1,PayPal
333,5/4/2025,1041,2041,402,2,643.37,40,Cash/Debit
334,5/4/2025,1132,2036,401,2,348.77,46,Cash/Debit
335,5/4/2025,1050,2081,403,1,2686.39,13,PayPal
336,5/4/2025,1160,2038,401,1,0,75,Credit
337,5/4/2025,1151,2074,402,1,1187.1,11,Credit
338,5/4/2025,1168,2079,403,0,1901.08,56,Credit
339,5/4/2025,1007,2010,401,2,62.27,68,Credit
340,5/4/2025,1166,2026,404,0,0,47,Credit
341,5/4/2025,1127,2080,403,2,1997.42,15,Cash/Debit
342,5/4/2025,1123,2031,404,2,1356.72,55,PayPal
343,5/4/2025,1116,2009,401,1,119.36,17,Credit
344,5/4/2025,1112,2053,404,3,0,72,PayPal
345,5/4/2025,1052,2043,402,2,698.76,24,Cash/Debit
346,5/4/2025,1183,2040,403,3,103.62,63,Credit
347,5/4/2025,1033,2097,403,0,4210.5,72,Credit
348,5/4/2025,1081,2030,404,0,339.94,51,Cash/Debit
349,5/4/2025,1068,2057,402,1,1179.85,9,Cash/Debit
350,5/4/2025,1024,2006,403,3,594,39,Cash/Debit
351,5/4/2025,1157,2053,402,1,1098.27,70,Credit
352,5/4/2025,1083,2073,403,1,2247.44,18,Credit
353,5/4/2025,1195,2020,404,3,1879.15,51,Credit
354,5/4/2025,1127,2039,404,0,1952.88,11,Cash/Debit
355,5/4/2025,1023,2050,404,1,0,32,PayPal
356,5/4/2025,1055,2074,403,0,1978.5,57,PayPal
357,5/4/2025,1012,2036,404,3,653.94,31,Cash/Debit
358,5/4/2025,1073,2068,401,0,2460.72,35,Credit
359,5/4/2025,1110,2017,403,2,370.96,30,Credit
360,5/4/2025,1195,2051,403,0,117.32,61,PayPal
361,5/4/2025,1102,2006,402,2,792,69,PayPal
362,5/4/2025,1141,2036,401,3,871.92,44,Cash/Debit
363,5/4/2025,1129,2057,403,0,1747.92,20,PayPal
364,5/4/2025,1032,2012,404,2,997.1,34,Credit
365,5/4/2025,1086,2071,403,1,553.64,63,Cash/Debit
366,5/4/2025,1050,2077,404,0,561.83,54,PayPal
367,5/4/2025,1011,2004,402,2,0,76,Credit
368,5/4/2025,1121,2066,404,1,0,74,Credit
369,5/4/2025,1155,2065,402,2,1128.82,11,Cash/Debit
370,5/4/2025,1156,2040,402,3,138.16,29,Cash/Debit
371,5/4/2025,1157,2094,403,2,1578.72,39,Cash/Debit
372,5/4/2025,1129,2065,404,2,752.54,12,PayPal
373,5/4/2025,1121,2002,403,2,2771.2,73,Credit
374,5/4/2025,1172,2014,404,2,197.04,71,PayPal
375,5/4/2025,1185,2088,401,3,2128.05,71,Credit
376,5/4/2025,1067,2083,402,0,0,41,Credit
377,5/4/2025,1149,2061,402,3,1199.52,57,Credit
378,5/4/2025,1037,2087,402,0,318.64,71,Credit
379,5/4/2025,1146,2089,401,1,744.34,50,Credit
380,5/4/2025,1004,2056,403,3,2098.88,53,PayPal
381,5/4/2025,1038,2052,402,3,2193.78,34,Cash/Debit
382,5/4/2025,1128,2099,404,0,3877.92,3,Credit
383,5/4/2025,1180,2017,402,2,741.92,11,Cash/Debit
384,5/4/2025,1169,2061,404,2,319.87,30,Cash/Debit
385,5/4/2025,1044,2058,403,2,1066.8,72,Cash/Debit
386,5/4/2025,1173,2098,403,3,3631.44,61,Cash/Debit
387,5/4/2025,1049,2031,403,2,1356.72,29,PayPal
388,5/4/2025,1057,2038,403,1,2501.58,4,Credit
389,5/4/2025,1176,2090,404,2,343.87,54,Credit
390,5/4/2025,1122,2044,403,2,166.06,31,Cash/Debit
391,5/4/2025,1031,2073,404,3,1498.29,40,PayPal
392,5/4/2025,1088,2098,402,2,726.29,73,Cash/Debit
393,5/4/2025,1010,2036,401,2,348.77,70,Credit
394,5/4/2025,1113,2083,403,3,3072.64,33,Cash/Debit
395,5/4/2025,1054,2025,403,2,671.09,16,PayPal
396,5/4/2025,1035,2013,402,1,1683.65,66,PayPal
397,5/4/2025,1012,2085,402,1,217.94,8,PayPal
398,5/4/2025,1013,2012,404,2,1994.21,64,Credit
399,5/4/2025,1183,2060,401,1,367.54,32,Credit
400,5/4/2025,1001,2070,402,3,102.54,35,Credit
401,5/4/2025,1167,2060,404,1,735.08,41,Cash/Debit
402,5/4/2025,1193,2036,403,2,348.77,13,Credit
403,5/4/2025,1165,2007,401,1,0,7,PayPal
404,5/4/2025,1136,2094,401,1,1776.06,12,PayPal
405,5/4/2025,1106,2022,401,3,671.18,70,Credit
406,5/4/2025,1126,2023,403,0,0,58,PayPal
407,5/4/2025,1002,2038,401,2,1482.42,43,Cash/Debit
408,5/4/2025,1072,2058,404,1,1200.15,61,PayPal
409,5/4/2025,1129,2059,403,1,1382.54,30,PayPal
410,5/4/2025,1028,2042,402,3,502.83,39,Credit
411,5/4/2025,1165,2032,402,0,0,24,Credit
412,5/4/2025,1188,2043,403,1,1572.21,17,Credit
413,5/4/2025,1044,2078,404,3,426.03,34,PayPal
414,5/4/2025,1131,2041,401,3,3216.84,43,Cash/Debit
415,5/4/2025,1171,2012,402,1,1121.74,73,PayPal
416,5/4/2025,1122,2041,402,0,1608.42,43,PayPal
417,5/4/2025,1066,2049,402,3,0,17,Credit
418,5/4/2025,1192,2034,403,2,326.81,19,PayPal
419,5/4/2025,1149,2092,401,2,1157.3,32,Cash/Debit
420,5/4/2025,1167,2046,402,0,133.72,74,PayPal
421,5/4/2025,1170,2015,404,2,0,15,Credit
422,5/4/2025,1040,2051,403,0,469.28,18,PayPal
423,5/4/2025,1163,2037,403,1,0,18,PayPal
424,5/4/2025,1056,2017,404,1,834.66,65,Credit
425,5/4/2025,1116,2095,403,3,490.79,60,Cash/Debit
426,5/4/2025,1179,2070,404,1,61.52,32,Cash/Debit
427,5/4/2025,1195,2031,401,3,1695.9,35,Cash/Debit
428,5/4/2025,1135,2090,403,0,0,28,PayPal
429,5/4/2025,1144,2014,401,1,443.34,64,Cash/Debit
430,5/4/2025,1146,2068,402,1,2952.86,2,PayPal
431,5/4/2025,1083,2066,404,0,516.06,3,Cash/Debit
432,5/4/2025,1174,2026,404,0,423.12,20,PayPal
433,5/4/2025,1130,2057,401,3,1747.92,65,PayPal
434,5/4/2025,1033,2065,404,3,0,72,Credit
435,5/4/2025,1144,2007,404,2,933.42,18,Cash/Debit
436,5/4/2025,1185,2002,404,2,692.8,57,Cash/Debit
437,5/4/2025,1000,2095,402,0,0,9,Cash/Debit
438,5/4/2025,1011,2054,403,0,900.51,46,PayPal
439,5/4/2025,1138,2007,401,3,2333.56,70,PayPal
440,5/4/2025,1008,2036,404,1,196.18,20,PayPal
441,5/4/2025,1196,2017,404,2,741.92,70,Credit
442,5/4/2025,1097,2057,404,3,436.98,37,Cash/Debit
443,5/4/2025,1020,2087,402,2,637.28,13,PayPal
444,5/4/2025,1030,2022,404,1,604.06,13,PayPal
445,5/4/2025,1186,2028,401,0,2551.76,75,Cash/Debit
446,5/4/2025,1076,2059,404,3,1536.15,17,PayPal
447,5/4/2025,1058,2031,404,2,0,75,Cash/Debit
448,5/4/2025,1039,2035,402,0,899.99,23,Credit
449,5/4/2025,1008,2084,404,0,845.55,40,Cash/Debit
450,5/4/2025,1061,2026,401,0,423.12,42,PayPal
451,5/4/2025,1152,2004,404,0,2781.75,36,Cash/Debit
452,5/4/2025,1062,2094,401,3,1973.4,7,PayPal
453,5/4/2025,1112,2029,402,0,13.51,12,PayPal
454,5/4/2025,1035,2064,403,1,0,56,PayPal
455,5/4/2025,1187,2073,403,2,399.54,21,PayPal
456,5/4/2025,1060,2038,402,1,3335.44,4,PayPal
457,5/4/2025,1105,2038,403,0,1853.02,75,PayPal
458,5/4/2025,1142,2075,402,3,3903.2,50,Cash/Debit
459,5/4/2025,1142,2063,401,2,1325.9,72,Cash/Debit
460,5/4/2025,1164,2085,404,2,387.44,14,PayPal
461,5/4/2025,1178,2053,404,1,1647.4,74,Credit
462,5/4/2025,1076,2048,402,3,1072.89,69,PayPal
463,5/4/2025,1061,2028,403,1,1148.29,23,PayPal
464,5/4/2025,1118,2007,404,3,1750.17,12,PayPal
465,5/4/2025,1142,2067,402,3,1163.8,60,Credit
466,5/4/2025,1062,2032,402,2,756.48,57,Credit
467,5/4/2025,1165,2010,404,2,124.54,27,PayPal
468,5/4/2025,1023,2068,402,0,2460.72,51,PayPal
469,5/4/2025,1068,2048,401,0,715.26,66,Credit
470,5/4/2025,1048,2097,402,3,0,39,PayPal
471,5/4/2025,1053,2042,403,0,167.61,75,PayPal
472,5/4/2025,1054,2024,401,3,372.81,57,Credit
473,5/4/2025,1062,2089,402,3,1240.56,65,PayPal
474,5/4/2025,1061,2070,403,2,27.34,75,Cash/Debit
475,5/4/2025,1097,2059,403,2,0,35,Credit
476,5/4/2025,1066,2046,404,3,200.58,31,PayPal
477,5/4/2025,1025,2092,404,2,771.54,36,PayPal
478,5/4/2025,1052,2047,403,3,334.98,52,PayPal
479,5/4/2025,1011,2072,402,1,756.54,61,Credit
480,5/4/2025,1004,2033,404,2,0,16,Cash/Debit
481,5/4/2025,1039,2025,403,1,503.32,62,PayPal
482,5/4/2025,1097,2072,402,3,420.3,52,PayPal
483,5/4/2025,1140,2083,403,2,1843.58,43,PayPal
484,5/4/2025,1195,2062,404,3,3096.8,5,Cash/Debit
485,5/4/2025,1043,2093,403,1,1360.69,11,PayPal
486,5/4/2025,1035,2092,404,1,0,2,Credit
487,5/4/2025,1138,2082,401,0,533.2,11,Cash/Debit
488,5/4/2025,1019,2085,401,0,484.3,58,Cash/Debit
489,5/4/2025,1105,2017,402,0,1391.1,2,Cash/Debit
490,5/4/2025,1181,2019,401,1,4202.68,75,PayPal
491,5/4/2025,1129,2058,403,0,1333.5,61,PayPal
492,5/4/2025,1158,2081,404,3,2984.88,7,Credit
493,5/4/2025,1004,2000,404,0,2907.93,26,PayPal
494,5/4/2025,1004,2067,403,2,465.52,59,PayPal
495,5/4/2025,1004,2064,404,1,1323.18,9,Credit
496,5/4/2025,1027,2012,402,1,1121.74,20,PayPal
497,5/4/2025,1049,2079,403,2,3802.16,72,Credit
498,5/4/2025,1068,2050,401,2,0,26,Cash/Debit
499,5/4/2025,1103,2058,402,1,600.08,11,PayPal
500,5/4/2025,1076,2087,401,0,159.32,59,Credit
501,5/4/2025,1023,2051,404,3,351.96,63,Cash/Debit
502,5/4/2025,1141,2060,401,0,408.38,10,PayPal
503,5/4/2025,1179,2021,401,3,835.41,22,Credit
504,5/4/2025,1111,2082,403,0,0,5,PayPal
505,5/4/2025,1135,2005,402,1,1157.71,49,PayPal
506,5/4/2025,1177,2072,404,2,1008.72,42,PayPal
507,5/4/2025,1011,2009,403,0,0,13,Credit
508,5/4/2025,1045,2040,401,1,31.09,59,PayPal
509,5/4/2025,1150,2018,404,0,1084.52,54,PayPal
510,5/4/2025,1076,2020,402,3,2254.98,66,PayPal
511,5/4/2025,1173,2069,403,3,232.39,32,Credit
512,5/4/2025,1193,2094,402,0,1480.05,55,Credit
513,5/4/2025,1128,2095,403,0,0,52,Cash/Debit
514,5/4/2025,1025,2055,402,0,107.88,8,Credit
515,5/4/2025,1087,2077,404,2,449.46,6,PayPal
516,5/4/2025,1007,2081,403,3,746.22,49,Credit
517,5/4/2025,1125,2029,403,3,40.53,58,Cash/Debit
518,5/4/2025,1110,2023,404,0,1879.08,64,PayPal
519,5/4/2025,1197,2079,403,1,855.49,2,Credit
520,5/4/2025,1182,2009,401,2,53.05,32,Cash/Debit
521,5/4/2025,1039,2048,402,3,357.63,59,Cash/Debit
522,5/4/2025,1081,2046,401,0,33.43,57,Credit
523,5/4/2025,1001,2039,404,2,2343.46,49,Credit
524,5/4/2025,1194,2034,401,1,245.11,72,Cash/Debit
525,5/4/2025,1022,2023,404,3,5637.24,65,Cash/Debit
526,5/4/2025,1142,2071,404,0,615.16,74,Cash/Debit
527,5/4/2025,1006,2011,403,0,1229.22,20,Credit
528,5/4/2025,1152,2076,403,3,2418.21,44,Credit
529,5/4/2025,1003,2037,404,3,1440.56,67,Credit
530,5/4/2025,1199,2010,402,1,210.17,16,PayPal
531,5/4/2025,1175,2048,402,1,965.6,40,PayPal
532,5/4/2025,1068,2038,403,3,0,12,Cash/Debit
533,5/4/2025,1037,2008,402,3,266.36,53,PayPal
534,5/4/2025,1070,2053,403,3,1830.45,34,PayPal
535,5/4/2025,1005,2009,403,2,53.05,3,PayPal
536,5/4/2025,1063,2092,404,1,867.98,15,PayPal
537,5/4/2025,1117,2013,402,2,2244.86,53,PayPal
538,5/4/2025,1001,2050,403,3,0,76,PayPal
539,5/4/2025,1084,2056,403,3,1574.16,55,PayPal
540,5/4/2025,1166,2076,402,2,0,72,PayPal
541,5/4/2025,1082,2077,402,3,0,57,PayPal
542,5/4/2025,1080,2022,404,2,1073.89,75,Credit
543,5/4/2025,1074,2094,404,1,444.02,47,PayPal
544,5/4/2025,1083,2048,403,3,0,17,PayPal
545,5/4/2025,1093,2014,402,1,221.67,2,PayPal
546,5/4/2025,1174,2098,401,3,2723.58,50,Credit
547,5/4/2025,1181,2026,404,2,507.74,58,PayPal
548,5/4/2025,1177,2008,404,3,332.95,70,PayPal
549,5/4/2025,1035,2081,403,1,1343.2,42,Cash/Debit
550,5/4/2025,1064,2084,402,3,845.55,54,PayPal
551,5/4/2025,1096,2009,404,3,198.93,69,Cash/Debit
552,5/4/2025,1149,2051,404,0,0,50,Cash/Debit
553,5/4/2025,1092,2089,401,0,827.04,40,Cash/Debit
554,5/4/2025,1196,2031,403,1,1526.31,72,PayPal
555,5/4/2025,1165,2078,401,3,142.01,64,Cash/Debit
556,5/4/2025,1192,2042,404,0,1005.66,63,Cash/Debit
557,5/4/2025,1002,2012,403,1,560.87,23,PayPal
558,5/4/2025,1130,2095,402,3,1963.16,66,Cash/Debit
559,5/4/2025,1095,2050,404,1,168.1,26,Credit
560,5/4/2025,1088,2003,404,0,385.18,28,PayPal
561,5/4/2025,1075,2053,401,0,1830.45,8,Cash/Debit
562,5/4/2025,1186,2018,403,2,1301.42,27,Credit
563,5/4/2025,1087,2058,402,3,2667,7,Credit
564,5/4/2025,1089,2060,401,3,408.38,55,Cash/Debit
565,5/4/2025,1184,2089,404,2,1984.9,4,Credit
566,5/4/2025,1017,2038,401,0,0,5,PayPal
567,5/4/2025,1005,2043,401,1,786.1,61,PayPal
568,5/4/2025,1189,2031,402,1,2035.08,73,PayPal
569,5/4/2025,1084,2071,404,3,0,75,PayPal
570,5/4/2025,1059,2051,402,1,527.94,68,PayPal
571,5/4/2025,1163,2084,404,3,845.55,1,Credit
572,5/4/2025,1007,2094,402,3,493.35,25,Credit
573,5/4/2025,1151,2054,404,0,0,8,Cash/Debit
574,5/4/2025,1180,2027,402,2,0,53,Cash/Debit
575,5/4/2025,1192,2090,401,0,286.56,42,Cash/Debit
576,5/4/2025,1137,2023,403,2,1503.26,7,Credit
577,5/4/2025,1050,2058,401,2,1066.8,72,Credit
578,5/4/2025,1171,2062,403,3,619.36,26,Cash/Debit
579,5/4/2025,1156,2050,401,2,0,72,PayPal
580,5/4/2025,1090,2058,402,2,1066.8,54,Cash/Debit
581,5/4/2025,1157,2075,401,1,702.58,13,PayPal
582,5/4/2025,1080,2015,402,2,1619.93,13,Cash/Debit
583,5/4/2025,1029,2023,403,1,0,4,Credit
584,5/4/2025,1130,2049,404,1,845.86,41,Cash/Debit
585,5/4/2025,1147,2049,404,1,845.86,48,PayPal
586,5/4/2025,1124,2081,402,1,2686.39,68,Credit
587,5/4/2025,1125,2036,402,1,588.55,58,Cash/Debit
588,5/4/2025,1080,2057,401,2,699.17,55,PayPal
589,5/4/2025,1002,2062,402,1,1114.85,51,Credit
590,5/4/2025,1098,2071,404,3,1845.48,57,Credit
591,5/4/2025,1175,2062,404,3,1858.08,36,PayPal
592,5/4/2025,1125,2021,401,0,1670.82,2,Cash/Debit
593,5/4/2025,1194,2028,403,0,637.94,23,PayPal
594,5/4/2025,1070,2028,403,1,0,40,PayPal
595,5/4/2025,1199,2058,404,0,2667,50,PayPal
596,5/4/2025,1146,2014,403,2,0,41,PayPal
597,5/4/2025,1138,2096,401,3,2688.72,36,Credit
598,5/4/2025,1139,2027,404,0,258.61,46,Credit
599,5/4/2025,1188,2083,402,2,1229.06,39,Cash/Debit
600,5/4/2025,1008,2057,403,2,699.17,46,Cash/Debit
601,5/4/2025,1022,2056,401,1,2361.24,12,Cash/Debit
602,5/4/2025,1053,2094,403,3,493.35,62,PayPal
603,5/4/2025,1042,2078,402,1,127.81,72,Cash/Debit
604,5/4/2025,1052,2007,403,2,2333.56,65,PayPal
605,5/4/2025,1152,2068,402,2,656.19,53,Credit
606,5/4/2025,1180,2037,403,2,288.11,47,PayPal
607,5/4/2025,1131,2086,401,1,2414.07,72,Cash/Debit
608,5/4/2025,1192,2052,401,2,0,76,Credit
609,5/4/2025,1167,2016,402,1,290.72,7,Credit
610,5/4/2025,1037,2091,403,1,0,70,Credit
611,5/4/2025,1194,2086,404,3,0,18,Cash/Debit
612,5/4/2025,1036,2073,403,3,1997.72,42,Credit
613,5/4/2025,1096,2057,401,0,1310.94,55,Cash/Debit
614,5/4/2025,1103,2065,403,2,376.27,47,Credit
615,5/4/2025,1116,2062,403,0,1238.72,30,PayPal
616,5/4/2025,1198,2093,401,3,0,23,Cash/Debit
617,5/4/2025,1162,2085,403,0,0,29,PayPal
618,5/4/2025,1136,2050,402,3,933.9,72,Credit
619,5/4/2025,1054,2063,403,2,441.97,38,Credit
620,5/4/2025,1072,2043,402,3,4367.25,47,Cash/Debit
621,5/4/2025,1087,2087,401,0,637.28,7,Cash/Debit
622,5/4/2025,1025,2080,404,0,3329.04,30,Cash/Debit
623,5/4/2025,1031,2020,404,3,1127.49,47,PayPal
624,5/4/2025,1000,2054,402,1,1620.92,19,PayPal
625,5/4/2025,1166,2038,402,2,2223.62,50,Credit
626,5/4/2025,1023,2083,403,2,1229.06,1,Credit
627,5/4/2025,1021,2047,402,0,1674.9,5,Cash/Debit
628,5/4/2025,1101,2080,403,1,3745.17,28,PayPal
629,5/4/2025,1109,2083,401,0,768.16,2,Cash/Debit
630,5/4/2025,1000,2027,404,0,517.22,10,PayPal
631,5/4/2025,1033,2075,402,3,780.64,38,Credit
632,5/4/2025,1002,2001,403,0,824.7,1,Credit
633,5/4/2025,1108,2088,402,3,3546.75,64,PayPal
634,5/4/2025,1018,2029,404,0,27.02,41,Cash/Debit
635,5/4/2025,1187,2013,401,2,2993.15,56,PayPal
636,5/4/2025,1094,2038,402,3,926.51,61,PayPal
637,5/4/2025,1198,2096,402,1,1814.89,32,Cash/Debit
638,5/4/2025,1017,2067,401,1,523.71,24,Credit
639,5/4/2025,1112,2044,402,1,560.47,32,Cash/Debit
640,5/4/2025,1105,2078,404,1,383.43,71,Credit
641,5/4/2025,1022,2012,402,0,623.19,20,Credit
642,5/4/2025,1150,2093,404,2,1814.26,69,Cash/Debit
643,5/4/2025,1109,2040,402,1,31.09,7,Cash/Debit
644,5/4/2025,1070,2082,401,1,719.82,14,PayPal
645,5/4/2025,1141,2076,403,0,3224.28,11,Cash/Debit
646,5/4/2025,1168,2038,402,1,1667.72,24,PayPal
647,5/4/2025,1191,2050,403,0,560.34,24,PayPal
648,5/4/2025,1005,2030,404,3,679.88,20,Cash/Debit
649,5/4/2025,1028,2030,404,0,509.91,72,Credit
650,5/4/2025,1135,2001,403,2,989.64,49,Credit
651,5/4/2025,1033,2049,404,2,751.87,57,Cash/Debit
652,5/4/2025,1139,2087,402,3,0,45,PayPal
653,5/4/2025,1197,2009,401,0,265.24,8,Cash/Debit
654,5/4/2025,1003,2033,402,0,836.25,23,PayPal
655,5/4/2025,1015,2050,403,3,560.34,41,Cash/Debit
656,5/4/2025,1108,2089,404,0,413.52,55,Cash/Debit
657,5/4/2025,1163,2068,402,2,3280.96,7,Cash/Debit
658,5/4/2025,1021,2039,401,1,878.8,37,PayPal
659,5/4/2025,1039,2068,403,3,2460.72,70,PayPal
660,5/4/2025,1150,2081,401,2,1193.95,20,Credit
661,5/4/2025,1178,2055,402,0,53.94,66,Cash/Debit
662,5/4/2025,1062,2011,404,0,0,49,Cash/Debit
663,5/4/2025,1116,2078,401,2,0,1,PayPal
664,5/4/2025,1170,2094,402,0,986.7,56,Cash/Debit
665,5/4/2025,1003,2090,402,0,143.28,53,PayPal
666,5/4/2025,1041,2063,403,2,1325.9,15,Cash/Debit
667,5/4/2025,1042,2047,402,2,803.95,41,Cash/Debit
668,5/4/2025,1187,2015,401,2,0,12,Cash/Debit
669,5/4/2025,1109,2034,401,2,326.81,47,Cash/Debit
670,5/4/2025,1182,2073,401,3,499.43,49,Credit
671,5/4/2025,1116,2065,403,0,470.34,63,Cash/Debit
672,5/4/2025,1127,2072,402,2,1008.72,59,Cash/Debit
673,5/4/2025,1040,2032,401,0,0,72,Cash/Debit
674,5/4/2025,1058,2094,401,0,493.35,54,PayPal
675,5/4/2025,1003,2031,401,3,1695.9,43,Credit
676,5/4/2025,1093,2049,402,1,1691.71,57,Cash/Debit
677,5/4/2025,1009,2070,404,1,30.76,26,Credit
678,5/4/2025,1082,2031,404,2,452.24,39,Credit
679,5/4/2025,1069,2009,403,0,0,66,PayPal
680,5/4/2025,1128,2086,401,1,804.69,2,Credit
681,5/4/2025,1057,2066,401,3,1548.18,41,PayPal
682,5/4/2025,1017,2059,403,2,409.64,24,PayPal
683,5/4/2025,1083,2011,404,0,1638.96,53,Cash/Debit
684,5/4/2025,1094,2025,403,2,223.7,20,PayPal
685,5/4/2025,1189,2079,402,3,3802.16,32,Cash/Debit
686,5/4/2025,1094,2075,404,1,702.58,50,Cash/Debit
687,5/4/2025,1187,2069,402,1,627.45,26,Cash/Debit
688,5/4/2025,1001,2052,401,1,0,28,Credit
689,5/4/2025,1138,2044,401,2,166.06,10,Credit
690,5/4/2025,1000,2097,404,2,1347.36,47,Cash/Debit
691,5/4/2025,1026,2026,402,3,211.56,74,PayPal
692,5/4/2025,1125,2007,402,2,933.42,67,Cash/Debit
693,5/4/2025,1023,2005,402,3,1286.34,23,Cash/Debit
694,5/4/2025,1179,2047,404,0,669.96,70,Cash/Debit
695,5/4/2025,1148,2012,402,3,3115.95,6,PayPal
696,5/4/2025,1019,2075,401,3,2341.92,39,Credit
697,5/4/2025,1169,2016,402,2,775.25,29,PayPal
698,5/4/2025,1066,2040,404,2,55.26,38,Cash/Debit
699,5/4/2025,1081,2057,403,1,393.28,42,Cash/Debit
700,5/4/2025,1019,2025,402,0,559.24,9,Credit
701,5/4/2025,1039,2013,402,3,4676.8,41,PayPal
702,5/4/2025,1119,2040,404,0,69.08,39,Credit
703,5/4/2025,1137,2045,402,3,0,15,Cash/Debit
704,5/4/2025,1078,2059,403,0,1536.15,53,Cash/Debit
705,5/4/2025,1023,2020,403,0,0,8,Cash/Debit
706,5/4/2025,1055,2041,402,0,4021.05,1,Cash/Debit
707,5/4/2025,1182,2031,403,3,1695.9,63,Cash/Debit
708,5/4/2025,1131,2006,403,2,475.2,16,Cash/Debit
709,5/4/2025,1044,2003,404,3,1155.54,23,Credit
710,5/4/2025,1142,2095,402,0,2453.95,33,Cash/Debit
711,5/4/2025,1118,2013,402,0,1870.72,24,PayPal
712,5/4/2025,1003,2007,402,1,1050.1,22,Credit
713,5/4/2025,1050,2051,403,0,117.32,67,PayPal
714,5/4/2025,1149,2075,403,0,780.64,20,Cash/Debit
715,5/4/2025,1005,2008,402,3,466.13,54,Cash/Debit
716,5/4/2025,1032,2011,403,0,409.74,35,PayPal
717,5/4/2025,1010,2059,401,1,921.69,7,Credit
718,5/4/2025,1146,2055,404,3,0,25,Cash/Debit
719,5/4/2025,1007,2048,404,1,1287.47,73,Cash/Debit
720,5/4/2025,1090,2027,402,2,413.78,24,PayPal
721,5/4/2025,1071,2057,402,0,1310.94,50,Credit
722,5/4/2025,1157,2079,402,2,2281.3,60,Cash/Debit
723,5/4/2025,1127,2052,404,0,2193.78,20,Cash/Debit
724,5/4/2025,1022,2035,404,1,1619.98,28,PayPal
725,5/4/2025,1107,2025,402,0,279.62,30,PayPal
726,5/4/2025,1097,2091,403,3,2717.37,45,PayPal
727,5/4/2025,1139,2062,403,2,1486.46,46,Credit
728,5/4/2025,1099,2034,402,0,408.51,3,PayPal
729,5/4/2025,1081,2076,402,0,2418.21,4,PayPal
730,5/4/2025,1199,2035,401,3,2699.97,22,Credit
731,5/4/2025,1135,2045,402,1,842.78,43,Cash/Debit
732,5/4/2025,1025,2031,402,2,904.48,58,Cash/Debit
733,5/4/2025,1136,2094,401,1,0,70,Credit
734,5/4/2025,1147,2049,403,1,3383.42,44,Cash/Debit
735,5/4/2025,1045,2030,403,2,407.93,66,PayPal
736,5/4/2025,1151,2003,403,1,693.32,50,Credit
737,5/4/2025,1144,2024,404,2,298.25,14,Credit
738,5/4/2025,1044,2062,401,0,1238.72,29,Credit
739,5/4/2025,1014,2029,402,0,13.51,37,Cash/Debit
740,5/4/2025,1134,2061,401,2,639.74,62,Credit
741,5/4/2025,1157,2025,402,2,671.09,52,PayPal
742,5/4/2025,1183,2022,403,0,2684.72,70,PayPal
743,5/4/2025,1005,2018,402,0,542.26,70,Credit
744,5/4/2025,1134,2046,401,2,53.49,29,PayPal
745,5/4/2025,1180,2084,404,0,281.85,15,PayPal
746,5/4/2025,1086,2038,403,1,1667.72,1,Cash/Debit
747,5/4/2025,1040,2093,404,3,755.94,61,Credit
748,5/4/2025,1166,2040,402,2,27.63,6,Cash/Debit
749,5/4/2025,1057,2085,402,3,1452.9,71,Cash/Debit
750,5/4/2025,1078,2093,403,1,0,11,Cash/Debit
751,5/4/2025,1045,2093,401,3,2267.82,37,PayPal
752,5/4/2025,1197,2072,401,1,1513.08,52,Credit
753,5/4/2025,1154,2040,402,0,69.08,13,Cash/Debit
754,5/4/2025,1127,2018,403,0,0,61,Cash/Debit
755,5/4/2025,1060,2044,403,1,934.11,16,PayPal
756,5/4/2025,1162,2011,403,3,1229.22,47,PayPal
757,5/4/2025,1002,2033,402,1,3010.5,40,Credit
758,5/4/2025,1177,2008,403,2,159.82,64,PayPal
759,5/4/2025,1027,2092,401,0,482.21,40,PayPal
760,5/4/2025,1098,2056,404,1,944.5,70,PayPal
761,5/4/2025,1105,2063,404,2,2209.84,35,Credit
762,5/4/2025,1139,2048,401,3,357.63,43,Cash/Debit
763,5/4/2025,1147,2083,402,1,691.34,5,Cash/Debit
764,5/4/2025,1115,2009,401,2,53.05,15,Cash/Debit
765,5/4/2025,1005,2040,403,0,103.62,27,Cash/Debit
766,5/4/2025,1018,2043,402,3,2620.35,18,Cash/Debit
767,5/4/2025,1041,2093,401,0,755.94,61,Credit
768,5/4/2025,1086,2076,404,0,0,14,Cash/Debit
769,5/4/2025,1110,2083,402,3,768.16,68,PayPal
770,5/4/2025,1040,2006,401,2,0,17,PayPal
771,5/4/2025,1052,2024,404,2,298.25,5,Cash/Debit
772,5/4/2025,1169,2036,403,1,392.36,65,Credit
773,5/4/2025,1024,2006,404,3,0,13,Credit
774,5/4/2025,1039,2006,403,0,198,11,Cash/Debit
775,5/4/2025,1109,2011,403,3,1638.96,38,Cash/Debit
776,5/4/2025,1051,2012,401,1,1121.74,12,PayPal
777,5/4/2025,1043,2081,403,0,746.22,39,Cash/Debit
778,5/4/2025,1121,2014,403,3,985.2,42,Cash/Debit
779,5/4/2025,1120,2062,403,0,2477.44,10,Credit
780,5/4/2025,1164,2069,404,1,0,20,Cash/Debit
781,5/4/2025,1094,2048,403,1,321.87,8,Cash/Debit
782,5/4/2025,1114,2005,403,3,428.78,48,Cash/Debit
783,5/4/2025,1119,2033,402,2,1338,5,Credit
784,5/4/2025,1144,2007,402,0,1166.78,15,PayPal
785,5/4/2025,1021,2085,403,3,0,5,PayPal
786,5/4/2025,1193,2075,402,0,1561.28,70,Cash/Debit
787,5/4/2025,1099,2066,404,3,0,64,PayPal
788,5/4/2025,1146,2030,404,2,543.9,9,Cash/Debit
789,5/4/2025,1020,2050,401,1,168.1,1,PayPal
790,5/4/2025,1030,2096,404,1,3024.81,45,Cash/Debit
791,5/4/2025,1042,2027,402,1,232.75,56,Cash/Debit
792,5/4/2025,1010,2054,401,3,900.51,8,Credit
793,5/4/2025,1051,2080,402,2,0,21,PayPal
794,5/4/2025,1081,2093,401,0,755.94,57,Cash/Debit
795,5/4/2025,1099,2071,404,2,984.26,23,PayPal
796,5/4/2025,1070,2066,404,0,0,46,Cash/Debit
797,5/4/2025,1179,2079,404,0,2851.62,70,Cash/Debit
798,5/4/2025,1106,2019,402,0,3735.72,67,PayPal
799,5/4/2025,1027,2072,401,2,672.48,48,Credit
800,5/4/2025,1137,2044,404,2,830.32,23,Cash/Debit
801,5/4/2025,1098,2083,404,3,2304.48,24,Cash/Debit
802,5/4/2025,1009,2022,403,3,2684.72,57,Credit
803,5/4/2025,1036,2079,404,0,950.54,4,Credit
804,5/4/2025,1101,2042,402,0,335.22,18,PayPal
805,5/4/2025,1190,2060,403,2,0,68,PayPal
806,5/4/2025,1005,2043,403,2,2096.28,36,Credit
807,5/4/2025,1071,2062,401,1,557.42,28,Credit
808,5/4/2025,1034,2038,404,2,2223.62,8,Cash/Debit
809,5/4/2025,1068,2093,404,0,2267.82,3,Credit
810,5/4/2025,1048,2056,402,3,524.72,53,Credit
811,5/4/2025,1189,2062,403,0,1858.08,40,PayPal
812,5/4/2025,1131,2020,401,2,0,54,Credit
813,5/4/2025,1181,2064,404,1,264.64,9,PayPal
814,5/4/2025,1199,2067,401,1,0,72,PayPal
815,5/4/2025,1049,2025,401,1,503.32,15,Credit
816,5/4/2025,1008,2058,401,2,533.4,59,Cash/Debit
817,5/4/2025,1180,2025,403,2,894.78,26,Credit
818,5/4/2025,1118,2064,404,0,882.12,28,Credit
819,5/4/2025,1174,2003,402,2,308.14,69,Credit
820,5/4/2025,1125,2076,404,1,725.46,67,Credit
821,5/4/2025,1121,2075,403,2,2498.05,62,Cash/Debit
822,5/4/2025,1041,2033,401,2,669,45,Credit
823,5/4/2025,1007,2049,401,1,845.86,7,Credit
824,5/4/2025,1146,2099,402,1,581.69,53,PayPal
825,5/4/2025,1165,2028,402,2,1531.06,48,Cash/Debit
826,5/4/2025,1166,2052,401,0,731.26,12,PayPal
827,5/4/2025,1121,2016,402,0,646.04,66,Credit
828,5/4/2025,1057,2032,403,2,3782.4,25,PayPal
829,5/4/2025,1108,2048,403,3,357.63,38,Credit
830,5/4/2025,1064,2027,404,2,413.78,55,Credit
831,5/4/2025,1173,2066,404,0,2580.3,72,Cash/Debit
832,5/4/2025,1001,2065,403,2,376.27,44,PayPal
833,5/4/2025,1076,2087,401,3,796.6,53,PayPal
834,5/4/2025,1016,2043,403,2,2795.04,44,Credit
835,5/4/2025,1070,2033,403,1,752.62,21,Credit
836,5/4/2025,1038,2066,402,0,1032.12,10,Credit
837,5/4/2025,1153,2051,403,1,316.76,47,Cash/Debit
838,5/4/2025,1184,2003,404,2,1848.86,21,Credit
839,5/4/2025,1066,2053,404,3,0,10,Credit
840,5/4/2025,1188,2004,402,2,2967.2,43,PayPal
841,5/4/2025,1185,2091,402,3,3623.16,69,Cash/Debit
842,5/4/2025,1171,2045,403,1,280.93,41,PayPal
843,5/4/2025,1168,2071,402,2,1968.51,61,Credit
844,5/4/2025,1024,2060,402,2,326.7,4,Credit
845,5/4/2025,1185,2071,402,2,984.26,59,PayPal
846,5/4/2025,1167,2011,402,2,327.79,32,Credit
847,5/4/2025,1057,2095,403,3,2453.95,3,Cash/Debit
848,5/4/2025,1084,2047,403,2,803.95,24,Cash/Debit
849,5/4/2025,1118,2015,404,0,4049.82,69,Cash/Debit
850,5/4/2025,1162,2074,401,3,659.5,71,Cash/Debit
851,5/4/2025,1049,2064,401,3,882.12,18,PayPal
852,5/4/2025,1135,2038,404,0,926.51,28,Cash/Debit
853,5/4/2025,1038,2017,402,2,741.92,28,PayPal
854,5/4/2025,1104,2072,404,1,1134.81,52,Credit
855,5/4/2025,1080,2091,402,0,2717.37,65,Cash/Debit
856,5/4/2025,1124,2042,402,2,0,15,Credit
857,5/4/2025,1162,2007,401,3,583.39,62,Credit
858,5/4/2025,1070,2026,402,1,190.4,33,Cash/Debit
859,5/4/2025,1125,2097,401,1,3031.56,31,Cash/Debit
860,5/4/2025,1157,2055,404,3,53.94,26,PayPal
861,5/4/2025,1109,2061,404,0,799.68,75,Credit
862,5/4/2025,1009,2068,402,2,0,64,PayPal
863,5/4/2025,1003,2041,402,0,2412.63,3,PayPal
864,5/4/2025,1173,2000,402,1,872.38,71,PayPal
865,5/4/2025,1177,2044,403,1,373.64,74,Cash/Debit
866,5/4/2025,1026,2049,403,1,3383.42,24,Cash/Debit
867,5/4/2025,1016,2005,403,2,686.05,71,PayPal
868,5/4/2025,1116,2093,403,3,755.94,33,PayPal
869,5/4/2025,1175,2017,403,3,463.7,8,Cash/Debit
870,5/4/2025,1091,2096,402,1,1209.92,76,PayPal
871,5/4/2025,1103,2002,402,1,779.4,19,PayPal
872,5/4/2025,1186,2016,402,0,646.04,34,Cash/Debit
873,5/4/2025,1150,2064,402,0,294.04,65,Cash/Debit
874,5/4/2025,1093,2091,401,3,2717.37,19,Cash/Debit
875,5/4/2025,1163,2032,401,0,0,26,PayPal
876,5/4/2025,1169,2013,401,0,935.36,47,PayPal
877,5/4/2025,1176,2014,404,3,1231.5,63,PayPal
878,5/4/2025,1097,2015,403,3,2699.88,4,Cash/Debit
879,5/4/2025,1179,2019,402,0,1867.86,61,Cash/Debit
880,5/4/2025,1077,2053,401,2,976.24,39,Cash/Debit
881,5/4/2025,1159,2077,402,3,561.83,47,Credit
882,5/4/2025,1026,2065,401,2,1881.36,41,Cash/Debit
883,5/4/2025,1029,2013,404,1,0,49,PayPal
884,5/4/2025,1155,2025,403,1,503.32,4,PayPal
885,5/4/2025,1091,2090,404,2,171.94,70,Cash/Debit
886,5/4/2025,1041,2005,404,1,385.9,15,Credit
887,5/4/2025,1176,2061,403,1,359.86,76,PayPal
888,5/4/2025,1000,2001,401,0,1649.4,46,Cash/Debit
889,5/4/2025,1146,2085,404,1,653.81,38,PayPal
890,5/4/2025,1023,2099,401,0,1292.64,26,Credit
891,5/4/2025,1065,2082,402,3,266.6,50,PayPal
892,5/4/2025,1075,2033,404,0,2508.75,24,PayPal
893,5/4/2025,1025,2022,401,2,1073.89,10,Credit
894,5/4/2025,1092,2086,403,3,894.1,37,Credit
895,5/4/2025,1189,2014,401,0,0,46,Cash/Debit
896,5/4/2025,1002,2017,402,2,0,63,Cash/Debit
897,5/4/2025,1091,2056,403,0,1049.44,16,Cash/Debit
898,5/4/2025,1095,2043,402,0,0,35,PayPal
899,5/4/2025,1102,2051,404,2,93.86,50,PayPal
900,5/4/2025,1098,2088,404,3,0,66,Cash/Debit
901,5/4/2025,1166,2021,401,1,0,61,Credit
902,5/4/2025,1178,2092,401,1,867.98,8,PayPal
903,5/4/2025,1026,2053,404,3,1830.45,32,PayPal
904,5/4/2025,1046,2078,404,2,454.43,22,PayPal
905,5/4/2025,1156,2003,402,3,1925.9,39,Cash/Debit
906,5/4/2025,1124,2014,404,3,0,60,Credit
907,5/4/2025,1011,2008,403,2,106.54,50,Cash/Debit
908,5/4/2025,1003,2090,402,2,57.31,30,Credit
909,5/4/2025,1132,2066,401,3,1548.18,20,Cash/Debit
910,5/4/2025,1169,2093,402,3,755.94,63,Credit
911,5/4/2025,1088,2084,404,1,0,30,Cash/Debit
912,5/4/2025,1142,2078,401,0,568.04,60,PayPal
913,5/4/2025,1164,2020,404,3,1879.15,4,Cash/Debit
914,5/4/2025,1042,2009,404,2,53.05,14,Credit
915,5/4/2025,1061,2042,403,0,167.61,6,Credit
916,5/4/2025,1129,2028,404,3,2551.76,24,Cash/Debit
917,5/4/2025,1060,2010,404,3,544.88,6,Cash/Debit
918,5/4/2025,1146,2057,401,3,436.98,72,Cash/Debit
919,5/4/2025,1114,2040,401,3,34.54,25,Cash/Debit
920,5/4/2025,1190,2083,401,0,2304.48,64,Credit
921,5/4/2025,1103,2052,401,0,2193.78,45,PayPal
922,5/4/2025,1023,2077,403,1,505.65,12,PayPal
923,5/4/2025,1167,2085,404,2,387.44,17,PayPal
924,5/4/2025,1093,2006,402,3,594,7,PayPal
925,5/4/2025,1084,2071,404,2,492.13,22,Credit
926,5/4/2025,1183,2057,401,0,873.96,3,Cash/Debit
927,5/4/2025,1194,2084,402,0,563.7,71,Credit
928,5/4/2025,1087,2045,403,2,499.42,74,Cash/Debit
929,5/4/2025,1179,2013,401,1,1683.65,65,Cash/Debit
930,5/4/2025,1126,2017,404,0,927.4,11,Credit
931,5/4/2025,1065,2078,402,1,127.81,62,Credit
932,5/4/2025,1030,2050,402,3,186.78,37,PayPal
933,5/4/2025,1005,2024,403,0,621.35,5,PayPal
934,5/4/2025,1193,2053,401,0,1830.45,2,Credit
935,5/4/2025,1197,2057,404,1,1179.85,44,Credit
936,5/4/2025,1127,2000,401,3,969.31,10,PayPal
937,5/4/2025,1149,2061,402,1,359.86,26,PayPal
938,5/4/2025,1187,2016,401,3,2584.16,48,Credit
939,5/4/2025,1168,2076,403,3,2418.21,61,Credit
940,5/4/2025,1107,2077,402,2,898.93,53,Cash/Debit
941,5/4/2025,1101,2043,403,3,3493.8,62,Cash/Debit
942,5/4/2025,1034,2017,404,2,0,44,Cash/Debit
943,5/4/2025,1179,2070,403,1,61.52,18,Credit
944,5/4/2025,1051,2026,403,2,338.5,47,Credit
945,5/4/2025,1172,2016,402,2,516.83,48,Cash/Debit
946,5/4/2025,1181,2014,403,3,246.3,32,Cash/Debit
947,5/4/2025,1149,2073,404,2,799.09,25,Cash/Debit
948,5/4/2025,1108,2001,401,0,412.35,27,Credit
949,5/4/2025,1097,2018,401,0,1084.52,43,Cash/Debit
950,5/4/2025,1051,2034,402,2,217.87,14,Cash/Debit
951,5/4/2025,1174,2032,402,0,4728,53,Credit
952,5/4/2025,1176,2037,402,0,720.28,40,Credit
953,5/4/2025,1091,2057,401,1,786.56,68,Cash/Debit
954,5/4/2025,1190,2082,404,1,239.94,76,Credit
955,5/4/2025,1130,2089,403,0,413.52,47,Credit
956,5/4/2025,1097,2049,404,2,0,36,PayPal
957,5/4/2025,1141,2006,401,2,0,62,Cash/Debit
958,5/4/2025,1051,2079,404,1,1710.97,57,Credit
959,5/4/2025,1162,2090,403,1,257.9,72,PayPal
960,5/4/2025,1198,2092,402,2,771.54,47,Credit
961,5/4/2025,1114,2022,401,1,3020.31,19,PayPal
962,5/4/2025,1044,2094,401,3,493.35,61,Cash/Debit
963,5/4/2025,1010,2054,403,2,720.41,72,Cash/Debit
964,5/4/2025,1033,2020,403,0,751.66,33,Credit
965,5/4/2025,1084,2059,402,0,0,53,PayPal
966,5/4/2025,1039,2041,401,2,0,71,PayPal
967,5/4/2025,1125,2073,403,0,1997.72,44,Credit
968,5/4/2025,1005,2090,403,1,193.43,63,Credit
969,5/4/2025,1047,2066,401,1,464.45,32,PayPal
970,5/4/2025,1106,2069,404,0,464.78,72,Credit
971,5/4/2025,1089,2028,402,2,0,16,Credit
972,5/4/2025,1084,2046,403,1,0,38,PayPal
973,5/4/2025,1192,2079,404,0,950.54,6,Cash/Debit
974,5/4/2025,1029,2085,403,3,726.45,45,PayPal
975,5/4/2025,1061,2082,402,0,533.2,12,PayPal
976,5/4/2025,1174,2041,404,0,804.21,65,Credit
977,5/4/2025,1098,2032,403,0,0,37,PayPal
978,5/4/2025,1132,2098,403,3,3631.44,12,Credit
979,5/4/2025,1124,2005,403,1,1157.71,7,Cash/Debit
980,5/4/2025,1082,2065,401,0,1411.02,51,Cash/Debit
981,5/4/2025,1042,2098,401,0,4539.3,66,Credit
982,5/4/2025,1053,2085,402,3,726.45,61,Credit
983,5/4/2025,1026,2026,404,0,423.12,33,PayPal
984,5/4/2025,1191,2087,402,0,477.96,2,PayPal
985,5/4/2025,1117,2091,403,0,1811.58,25,Credit
986,5/4/2025,1022,2009,401,1,119.36,71,Cash/Debit
987,5/4/2025,1064,2071,401,1,1107.29,25,Credit
988,5/4/2025,1066,2052,404,3,5118.82,25,Cash/Debit
989,5/4/2025,1161,2051,404,2,375.42,66,PayPal
990,5/4/2025,1004,2049,401,0,939.84,31,PayPal
991,5/4/2025,1164,2092,401,0,2893.26,49,Cash/Debit
992,5/4/2025,1179,2009,403,0,66.31,18,Cash/Debit
993,5/4/2025,1074,2087,403,0,477.96,56,PayPal
994,5/4/2025,1072,2097,404,3,842.1,74,PayPal
995,5/4/2025,1101,2084,401,3,1127.4,2,PayPal
996,5/4/2025,1040,2068,402,1,2952.86,12,Credit
997,5/4/2025,1191,2050,403,1,504.31,33,PayPal
998,5/4/2025,1076,2086,403,0,2682.3,26,Cash/Debit
999,5/4/2025,1141,2071,402,0,1230.32,17,Cash/Debit
1000,5/4/2025,1010,2000,404,0,3877.24,55,PayPal
1001,5/4/2025,1078,2026,403,1,761.62,66,Credit
1002,5/4/2025,1105,2082,402,1,239.94,52,Credit
1003,5/4/2025,1047,2028,403,1,1148.29,19,PayPal
1004,5/4/2025,1029,2023,401,3,2818.62,22,Cash/Debit
1005,5/4/2025,1165,2070,401,2,54.69,12,PayPal
1006,5/4/2025,1171,2008,403,0,133.18,20,Cash/Debit
1007,5/4/2025,1050,2092,404,2,771.54,42,Cash/Debit
1008,5/4/2025,1091,2016,402,0,1292.08,36,Credit
1009,5/4/2025,1072,2079,401,1,855.49,17,PayPal
1010,5/4/2025,1081,2062,404,2,495.49,28,Cash/Debit
1011,5/4/2025,1157,2084,403,1,253.67,28,Credit
1012,5/4/2025,1144,2072,403,2,672.48,1,Credit
1013,5/4/2025,1109,2021,401,2,668.33,43,Credit
1014,5/4/2025,1063,2028,404,2,510.35,55,Credit
1015,5/4/2025,1092,2017,403,3,1854.8,7,PayPal
1016,5/4/2025,1118,2057,403,2,699.17,3,Cash/Debit
1017,5/4/2025,1124,2070,401,1,30.76,15,Cash/Debit
1018,5/4/2025,1165,2077,401,2,449.46,26,Credit
1019,5/4/2025,1035,2068,402,2,1968.58,50,Credit
1020,5/4/2025,1187,2080,401,0,0,62,Credit
1021,5/4/2025,1004,2064,401,3,882.12,13,Credit
1022,5/4/2025,1196,2075,402,0,2341.92,50,PayPal
1023,5/4/2025,1141,2033,404,1,0,18,Credit
1024,5/4/2025,1093,2050,402,2,448.27,12,Credit
1025,5/4/2025,1034,2059,401,3,1536.15,21,PayPal
1026,5/4/2025,1093,2064,401,1,793.91,37,Credit
1027,5/4/2025,1157,2087,402,1,286.78,27,Cash/Debit
1028,5/4/2025,1114,2020,402,1,676.49,21,Credit
1029,5/4/2025,1188,2093,404,2,1814.26,37,PayPal
1030,5/4/2025,1010,2028,404,1,1148.29,44,Cash/Debit
1031,5/4/2025,1016,2033,403,1,2257.88,19,Credit
1032,5/4/2025,1010,2085,402,2,387.44,50,Credit
1033,5/4/2025,1099,2060,404,0,0,50,PayPal
1034,5/4/2025,1010,2083,403,0,768.16,70,Credit
1035,5/4/2025,1180,2066,403,2,1238.54,66,Cash/Debit
1036,5/4/2025,1148,2069,402,3,697.17,40,Credit
1037,5/4/2025,1167,2048,403,0,1072.89,76,PayPal
1038,5/4/2025,1132,2032,404,1,851.04,69,PayPal
1039,5/4/2025,1132,2051,403,2,187.71,55,PayPal
1040,5/4/2025,1124,2061,401,1,0,54,PayPal
1041,5/4/2025,1112,2021,402,0,835.41,66,PayPal
1042,5/4/2025,1131,2082,403,1,239.94,65,Cash/Debit
1043,5/4/2025,1038,2023,402,2,0,44,Cash/Debit
1044,5/4/2025,1154,2091,401,1,3260.84,14,Credit
1045,5/4/2025,1106,2042,401,3,1173.27,48,PayPal
1046,5/4/2025,1172,2061,404,1,719.71,21,Credit
1047,5/4/2025,1151,2020,404,0,1127.49,39,Credit
1048,5/4/2025,1062,2005,402,1,385.9,65,Cash/Debit
1049,5/4/2025,1034,2080,401,1,2996.14,76,Cash/Debit
1050,5/4/2025,1014,2021,403,1,1503.74,61,PayPal
1051,5/4/2025,1132,2051,401,2,281.57,28,Cash/Debit
1052,5/4/2025,1021,2027,404,3,775.83,54,Credit
1053,5/4/2025,1123,2021,402,3,0,4,PayPal
1054,5/4/2025,1153,2018,402,2,867.62,26,PayPal
1055,5/4/2025,1042,2092,403,3,1446.63,36,Cash/Debit
1056,5/4/2025,1152,2075,401,1,2107.73,22,PayPal
1057,5/4/2025,1096,2049,402,0,939.84,47,Cash/Debit
1058,5/4/2025,1004,2025,404,1,0,68,PayPal
1059,5/4/2025,1155,2012,402,3,623.19,70,PayPal
1060,5/4/2025,1157,2076,401,0,2418.21,48,PayPal
1061,5/4/2025,1023,2061,402,0,199.92,1,PayPal
1062,5/4/2025,1198,2086,404,3,894.1,6,Cash/Debit
1063,5/4/2025,1094,2005,404,1,771.8,28,Credit
1064,5/4/2025,1123,2098,404,2,3631.44,22,Credit
1065,5/4/2025,1150,2094,401,3,2466.75,44,Cash/Debit
1066,5/4/2025,1034,2032,404,1,1702.08,61,PayPal
1067,5/4/2025,1021,2036,404,2,348.77,34,Cash/Debit
1068,5/4/2025,1048,2000,401,0,4846.55,10,PayPal
1069,5/4/2025,1133,2000,404,1,872.38,20,Credit
1070,5/4/2025,1176,2040,404,2,55.26,38,Cash/Debit
1071,5/4/2025,1027,2019,404,2,747.14,18,Cash/Debit
1072,5/4/2025,1066,2068,404,2,1968.58,30,Credit
1073,5/4/2025,1156,2035,404,1,0,64,Credit
1074,5/4/2025,1105,2070,404,1,0,37,Cash/Debit
1075,5/4/2025,1094,2071,404,2,984.26,68,PayPal
1076,5/4/2025,1078,2073,403,3,499.43,16,PayPal
1077,5/4/2025,1188,2017,401,1,417.33,8,Cash/Debit
1078,5/4/2025,1114,2089,402,0,827.04,29,PayPal
1079,5/4/2025,1054,2065,404,2,376.27,33,PayPal
1080,5/4/2025,1140,2078,401,1,255.62,62,Cash/Debit
1081,5/4/2025,1099,2081,401,0,1492.44,52,PayPal
1082,5/4/2025,1037,2060,404,0,1225.14,28,PayPal
1083,5/4/2025,1016,2033,402,2,2007,8,PayPal
1084,5/4/2025,1020,2077,401,3,561.83,12,Cash/Debit
1085,5/4/2025,1102,2078,403,0,142.01,36,Credit
1086,5/4/2025,1198,2022,404,3,671.18,73,PayPal
1087,5/4/2025,1002,2025,403,1,503.32,55,PayPal
1088,5/4/2025,1008,2076,402,1,1450.93,52,Credit
1089,5/4/2025,1172,2004,403,1,834.52,4,Cash/Debit
1090,5/4/2025,1167,2000,402,0,969.31,76,PayPal
1091,5/4/2025,1070,2099,404,2,1551.17,44,Credit
1092,5/4/2025,1171,2050,404,1,168.1,9,PayPal
1093,5/4/2025,1132,2001,401,0,2061.75,27,Credit
1094,5/4/2025,1140,2036,403,2,348.77,20,PayPal
1095,5/4/2025,1070,2028,402,3,2551.76,41,Cash/Debit
1096,5/4/2025,1103,2073,401,2,0,8,PayPal
1097,5/4/2025,1044,2052,401,0,2193.78,17,PayPal
1098,5/4/2025,1128,2037,403,0,0,13,Cash/Debit
1099,5/4/2025,1131,2032,403,3,4728,57,PayPal
1100,5/4/2025,1096,2072,404,1,378.27,72,Credit
1101,5/4/2025,1193,2043,404,3,2620.35,45,Credit
1102,5/4/2025,1150,2003,404,0,1155.54,32,Cash/Debit
1103,5/4/2025,1066,2008,404,1,59.93,68,Cash/Debit
1104,5/4/2025,1173,2089,402,2,0,25,Credit
1105,5/4/2025,1105,2045,401,2,499.42,17,Cash/Debit
1106,5/4/2025,1063,2036,401,3,653.94,27,Credit
1107,5/4/2025,1172,2095,403,0,981.58,1,Credit
1108,5/4/2025,1141,2022,404,2,0,16,Cash/Debit
1109,5/4/2025,1090,2027,403,1,698.25,34,Credit
1110,5/4/2025,1191,2087,402,3,955.92,62,Cash/Debit
1111,5/4/2025,1188,2025,402,1,251.66,30,Credit
1112,5/4/2025,1067,2026,402,1,380.81,22,Cash/Debit
1113,5/4/2025,1063,2079,403,1,1710.97,53,Cash/Debit
1114,5/4/2025,1199,2013,401,0,5612.16,27,PayPal
1115,5/4/2025,1173,2084,404,0,281.85,20,PayPal
1116,5/4/2025,1195,2069,401,3,697.17,66,Cash/Debit
1117,5/4/2025,1095,2079,403,3,950.54,34,Credit
1118,5/4/2025,1147,2035,404,1,809.99,2,Credit
1119,5/4/2025,1195,2065,403,3,1411.02,67,PayPal
1120,5/4/2025,1056,2096,402,0,0,1,PayPal
1121,5/4/2025,1134,2054,404,0,3602.04,70,PayPal
1122,5/4/2025,1128,2044,404,1,373.64,9,Cash/Debit
1123,5/4/2025,1117,2015,404,2,1619.93,72,Credit
1124,5/4/2025,1176,2001,401,1,371.12,49,Credit
1125,5/4/2025,1097,2074,401,2,527.6,43,Cash/Debit
1126,5/4/2025,1092,2078,403,1,383.43,58,PayPal
1127,5/4/2025,1140,2033,402,2,1338,42,Credit
1128,5/4/2025,1120,2078,403,2,227.22,25,Credit
1129,5/4/2025,1047,2063,404,1,0,42,PayPal
1130,5/4/2025,1107,2089,403,2,330.82,47,Cash/Debit
1131,5/4/2025,1102,2035,404,1,1619.98,2,Cash/Debit
1132,5/4/2025,1146,2016,402,0,0,58,Credit
1133,5/4/2025,1184,2034,402,3,680.85,6,Cash/Debit
1134,5/4/2025,1097,2025,402,1,1258.29,64,PayPal
1135,5/4/2025,1121,2001,402,3,0,36,Credit
1136,5/4/2025,1127,2017,403,3,0,33,Credit
1137,5/4/2025,1076,2032,401,3,6619.2,36,PayPal
1138,5/4/2025,1025,2088,402,0,0,5,Credit
1139,5/4/2025,1055,2032,404,0,945.6,71,Cash/Debit
1140,5/4/2025,1115,2095,403,2,0,29,Cash/Debit
1141,5/4/2025,1092,2046,403,2,80.23,12,Cash/Debit
1142,5/4/2025,1005,2052,401,2,1170.02,67,Credit
1143,5/4/2025,1173,2077,402,1,1516.94,56,Cash/Debit
1144,5/4/2025,1199,2036,403,2,871.92,34,Cash/Debit
1145,5/4/2025,1172,2065,404,3,2822.04,56,Credit
1146,5/4/2025,1020,2048,403,3,1072.89,72,PayPal
1147,5/4/2025,1161,2018,402,2,1301.42,19,Credit
1148,5/4/2025,1107,2080,404,0,4993.56,40,Cash/Debit
1149,5/4/2025,1020,2020,403,1,1014.74,35,PayPal
1150,5/4/2025,1080,2040,403,2,55.26,18,Credit
1151,5/4/2025,1154,2082,404,2,639.84,44,Cash/Debit
1152,5/4/2025,1113,2099,403,3,646.32,17,PayPal
1153,5/4/2025,1105,2021,402,0,835.41,66,PayPal
1154,5/4/2025,1032,2093,402,2,2419.01,44,PayPal
1155,5/4/2025,1190,2089,401,1,0,64,PayPal
1156,5/4/2025,1042,2050,401,0,1120.68,20,Cash/Debit
1157,5/4/2025,1016,2060,401,0,816.76,18,Cash/Debit
1158,5/4/2025,1197,2050,401,0,560.34,40,Cash/Debit
1159,5/4/2025,1067,2079,402,0,1901.08,52,Credit
1160,5/4/2025,1167,2049,403,1,0,33,Cash/Debit
1161,5/4/2025,1063,2094,403,3,493.35,53,Credit
1162,5/4/2025,1160,2016,402,1,1162.87,18,Cash/Debit
1163,5/4/2025,1007,2004,403,2,2225.4,35,PayPal
1164,5/4/2025,1121,2059,403,3,2048.2,61,PayPal
1165,5/4/2025,1034,2089,402,3,2481.12,26,PayPal
1166,5/4/2025,1161,2095,404,2,392.63,14,Cash/Debit
1167,5/4/2025,1088,2061,402,0,799.68,29,PayPal
1168,5/4/2025,1113,2039,403,3,976.44,52,Cash/Debit
1169,5/4/2025,1066,2019,403,0,933.93,69,Credit
1170,5/4/2025,1000,2066,402,2,412.85,69,Credit
1171,5/4/2025,1073,2060,401,3,0,37,Cash/Debit
1172,5/4/2025,1193,2061,403,0,199.92,66,Credit
1173,5/4/2025,1196,2055,403,1,194.18,46,Cash/Debit
1174,5/4/2025,1001,2070,403,1,61.52,59,Credit
1175,5/4/2025,1105,2071,404,3,615.16,75,Cash/Debit
1176,5/4/2025,1063,2020,404,3,375.83,4,PayPal
1177,5/4/2025,1056,2033,401,3,836.25,61,Credit
1178,5/4/2025,1160,2030,403,2,271.95,38,Credit
1179,5/4/2025,1166,2095,403,3,1472.37,38,PayPal
1180,5/4/2025,1048,2008,402,1,0,11,Credit
1181,5/4/2025,1074,2014,404,3,738.9,30,PayPal
1182,5/4/2025,1069,2089,404,1,372.17,36,Credit
1183,5/4/2025,1082,2002,402,0,1732,27,Credit
1184,5/4/2025,1136,2002,402,0,1732,60,PayPal
1185,5/4/2025,1072,2034,402,3,0,64,Credit
1186,5/4/2025,1186,2001,402,0,824.7,59,Credit
1187,5/4/2025,1038,2001,404,1,0,19,Cash/Debit
1188,5/4/2025,1087,2053,403,3,2440.6,9,Cash/Debit
1189,5/4/2025,1095,2059,401,2,1638.56,36,Cash/Debit
1190,5/4/2025,1020,2096,402,0,2688.72,43,Credit
1191,5/4/2025,1068,2099,404,0,1938.96,42,Credit
1192,5/4/2025,1139,2060,402,1,1102.63,76,Cash/Debit
1193,5/4/2025,1064,2048,401,0,715.26,72,Credit
1194,5/4/2025,1196,2091,402,3,0,32,Credit
1195,5/4/2025,1197,2056,402,0,1049.44,49,PayPal
1196,5/4/2025,1050,2058,401,1,1800.22,32,PayPal
1197,5/4/2025,1121,2049,403,2,751.87,17,Cash/Debit
1198,5/4/2025,1040,2080,401,0,1664.52,56,Credit
1199,5/4/2025,1064,2061,403,1,179.93,57,PayPal
1200,5/4/2025,1092,2006,402,0,198,29,Cash/Debit
1201,5/4/2025,1060,2081,404,2,1193.95,15,PayPal
1202,5/4/2025,1003,2021,403,0,2506.23,60,PayPal
1203,5/4/2025,1101,2031,401,0,1130.6,14,Cash/Debit
1204,5/4/2025,1148,2088,404,1,0,27,Credit
1205,5/4/2025,1095,2098,401,1,2451.22,66,Credit
1206,5/4/2025,1040,2063,401,2,883.94,66,PayPal
1207,5/4/2025,1194,2080,401,0,1664.52,66,Credit
1208,5/4/2025,1091,2082,402,0,0,46,Cash/Debit
1209,5/4/2025,1032,2062,402,2,1981.95,53,Cash/Debit
1210,5/4/2025,1142,2082,403,3,799.8,70,Credit
1211,5/4/2025,1187,2024,401,3,372.81,2,Credit
1212,5/4/2025,1091,2092,402,2,385.77,71,Cash/Debit
1213,5/4/2025,1010,2062,404,2,990.98,45,Credit
1214,5/4/2025,1138,2089,404,1,744.34,73,Cash/Debit
1215,5/4/2025,1145,2023,403,2,1503.26,3,Credit
1216,5/4/2025,1187,2059,403,1,1843.38,27,Credit
1217,5/4/2025,1017,2067,402,3,0,74,Cash/Debit
1218,5/4/2025,1075,2033,403,3,836.25,42,PayPal
1219,5/4/2025,1000,2099,404,1,2326.75,32,PayPal
1220,5/4/2025,1004,2079,403,1,0,62,Cash/Debit
1221,5/4/2025,1082,2092,401,3,0,67,Credit
1222,5/4/2025,1048,2067,404,1,785.56,26,PayPal
1223,5/4/2025,1156,2036,403,3,0,36,PayPal
1224,5/4/2025,1164,2041,401,0,804.21,4,PayPal
1225,5/4/2025,1133,2084,401,0,0,44,PayPal
1226,5/4/2025,1033,2022,401,1,604.06,10,PayPal
1227,5/4/2025,1027,2062,402,0,1238.72,16,Cash/Debit
1228,5/4/2025,1008,2073,404,3,1498.29,8,Credit
1229,5/4/2025,1134,2079,403,0,950.54,30,Cash/Debit
1230,5/4/2025,1093,2028,401,0,1275.88,53,PayPal
1231,5/4/2025,1053,2083,404,0,2304.48,10,Credit
1232,5/4/2025,1119,2081,401,2,0,29,Credit
1233,5/4/2025,1142,2095,404,2,1177.9,32,PayPal
1234,5/4/2025,1181,2007,403,0,583.39,65,PayPal
1235,5/4/2025,1187,2009,403,0,265.24,57,PayPal
1236,5/4/2025,1055,2066,401,0,2580.3,38,Cash/Debit
1237,5/4/2025,1185,2029,404,1,12.16,19,PayPal
1238,5/4/2025,1049,2067,402,1,261.86,31,PayPal
1239,5/4/2025,1142,2095,404,0,1963.16,32,PayPal
1240,5/4/2025,1196,2081,403,3,746.22,34,Cash/Debit
1241,5/4/2025,1179,2085,404,0,242.15,72,Cash/Debit
1242,5/4/2025,1042,2023,404,2,2254.9,50,PayPal
1243,5/4/2025,1168,2020,404,2,601.33,24,Cash/Debit
1244,5/4/2025,1080,2070,403,2,0,3,PayPal
1245,5/4/2025,1105,2097,404,2,673.68,67,Cash/Debit
1246,5/4/2025,1155,2030,402,3,509.91,64,PayPal
1247,5/4/2025,1196,2070,403,2,27.34,41,PayPal
1248,5/4/2025,1115,2057,404,0,1747.92,59,PayPal
1249,5/4/2025,1185,2004,403,0,2781.75,9,Credit
1250,5/4/2025,1132,2017,403,0,0,27,Cash/Debit
1251,5/4/2025,1076,2028,402,2,1020.7,65,Cash/Debit
1252,5/4/2025,1005,2098,403,1,3268.3,5,PayPal
1253,5/4/2025,1024,2004,404,2,1483.6,9,Cash/Debit
1254,5/4/2025,1039,2017,403,2,370.96,73,Credit
1255,5/4/2025,1149,2031,402,2,904.48,2,Cash/Debit
1256,5/4/2025,1076,2011,404,1,737.53,16,Cash/Debit
1257,5/4/2025,1187,2009,403,3,198.93,5,Credit
1258,5/4/2025,1044,2062,401,2,495.49,27,Credit
1259,5/4/2025,1009,2093,404,0,0,14,Credit
1260,5/4/2025,1199,2007,403,2,1400.14,50,Cash/Debit
1261,5/4/2025,1111,2053,401,1,3294.81,69,Cash/Debit
1262,5/4/2025,1191,2083,401,3,768.16,40,Cash/Debit
1263,5/4/2025,1013,2039,401,2,1562.3,29,Cash/Debit
1264,5/4/2025,1138,2072,402,2,672.48,48,PayPal
1265,5/4/2025,1128,2089,402,1,744.34,7,PayPal
1266,5/4/2025,1012,2086,404,3,2682.3,73,Credit
1267,5/4/2025,1192,2076,401,1,1450.93,38,Cash/Debit
1268,5/4/2025,1110,2037,404,1,324.13,13,PayPal
1269,5/4/2025,1033,2043,401,3,4367.25,67,Cash/Debit
1270,5/4/2025,1146,2095,401,3,1963.16,6,PayPal
1271,5/4/2025,1067,2010,404,3,0,66,PayPal
1272,5/4/2025,1198,2089,402,1,744.34,61,PayPal
1273,5/4/2025,1123,2071,402,3,1845.48,37,PayPal
1274,5/4/2025,1101,2083,402,1,2074.03,62,PayPal
1275,5/4/2025,1062,2009,403,3,66.31,33,PayPal
1276,5/4/2025,1082,2087,401,0,318.64,1,Credit
1277,5/4/2025,1171,2052,404,2,0,55,Cash/Debit
1278,5/4/2025,1089,2024,403,2,298.25,38,Credit
1279,5/4/2025,1152,2083,401,2,1843.58,66,Cash/Debit
1280,5/4/2025,1043,2044,404,1,373.64,53,PayPal
1281,5/4/2025,1112,2005,402,1,0,47,Cash/Debit
1282,5/4/2025,1175,2047,402,0,1004.94,33,Cash/Debit
1283,5/4/2025,1028,2094,401,1,888.03,1,Cash/Debit
1284,5/4/2025,1158,2018,403,0,2169.04,19,PayPal
1285,5/4/2025,1087,2088,401,2,567.48,66,Cash/Debit
1286,5/4/2025,1115,2060,401,2,980.11,14,Credit
1287,5/4/2025,1053,2094,402,1,888.03,43,Cash/Debit
1288,5/4/2025,1139,2066,403,3,2580.3,49,Cash/Debit
1289,5/4/2025,1159,2093,402,0,0,45,Cash/Debit
1290,5/4/2025,1096,2074,401,2,1055.2,32,Cash/Debit
1291,5/4/2025,1043,2007,403,1,525.05,38,Credit
1292,5/4/2025,1178,2079,403,0,950.54,58,Credit
1293,5/4/2025,1119,2083,401,0,768.16,55,PayPal
1294,5/4/2025,1099,2084,403,2,0,57,PayPal
1295,5/4/2025,1027,2002,403,3,866,6,Credit
1296,5/4/2025,1059,2048,401,2,572.21,30,Cash/Debit
1297,5/4/2025,1124,2076,401,1,2176.39,57,PayPal
1298,5/4/2025,1050,2064,404,0,1470.2,22,Credit
1299,5/4/2025,1010,2031,403,2,1356.72,63,Cash/Debit
1300,5/4/2025,1125,2050,402,0,373.56,7,Cash/Debit
1301,5/4/2025,1088,2087,403,2,509.82,13,Credit
1302,5/4/2025,1160,2038,402,2,2223.62,23,Cash/Debit
1303,5/4/2025,1015,2080,403,3,2496.78,4,Credit
1304,5/4/2025,1007,2071,403,1,553.64,53,Cash/Debit
1305,5/4/2025,1038,2043,404,1,786.1,52,Credit
1306,5/4/2025,1022,2093,404,1,2721.38,61,Credit
1307,5/4/2025,1106,2030,402,3,1019.82,69,PayPal
1308,5/4/2025,1079,2077,403,3,561.83,14,Cash/Debit
1309,5/4/2025,1138,2016,402,1,872.15,39,PayPal
1310,5/4/2025,1148,2069,402,1,418.3,7,Credit
1311,5/4/2025,1079,2088,402,3,709.35,43,PayPal
1312,5/4/2025,1197,2018,402,2,867.62,22,Credit
1313,5/4/2025,1017,2071,401,1,553.64,61,Credit
1314,5/4/2025,1081,2018,401,2,867.62,69,PayPal
1315,5/4/2025,1105,2052,403,3,731.26,71,Credit
1316,5/4/2025,1190,2081,403,1,0,18,PayPal
1317,5/4/2025,1199,2024,401,1,223.69,42,Credit
1318,5/4/2025,1047,2003,403,1,346.66,18,PayPal
1319,5/4/2025,1152,2029,402,0,27.02,57,PayPal
1320,5/4/2025,1091,2010,404,1,210.17,24,Cash/Debit
1321,5/4/2025,1128,2077,404,2,0,22,Cash/Debit
1322,5/4/2025,1047,2049,404,3,0,22,Credit
1323,5/4/2025,1035,2020,402,1,676.49,4,Credit
1324,5/4/2025,1008,2052,401,2,585.01,32,PayPal
1325,5/4/2025,1105,2028,402,1,1148.29,57,Cash/Debit
1326,5/4/2025,1016,2022,404,3,2684.72,64,Cash/Debit
1327,5/4/2025,1176,2041,404,1,1447.58,5,PayPal
1328,5/4/2025,1109,2051,401,3,469.28,58,Credit
1329,5/4/2025,1184,2040,404,0,103.62,72,Cash/Debit
1330,5/4/2025,1133,2013,404,3,3741.44,64,Credit
1331,5/4/2025,1010,2031,404,0,1130.6,27,PayPal
1332,5/4/2025,1142,2049,401,1,0,68,PayPal
1333,5/4/2025,1074,2056,404,2,839.55,66,PayPal
1334,5/4/2025,1198,2036,404,1,392.36,26,Cash/Debit
1335,5/4/2025,1108,2037,401,1,648.25,39,PayPal
1336,5/4/2025,1118,2082,404,0,799.8,48,PayPal
1337,5/4/2025,1184,2064,401,1,264.64,45,Cash/Debit
1338,5/4/2025,1199,2074,402,3,1978.5,1,Cash/Debit
1339,5/4/2025,1105,2041,404,0,0,33,Credit
1340,5/4/2025,1045,2058,402,3,0,35,PayPal
1341,5/4/2025,1023,2032,403,1,1702.08,32,Credit
1342,5/4/2025,1183,2093,401,0,2267.82,58,Credit
1343,5/4/2025,1029,2090,404,2,57.31,16,PayPal
1344,5/4/2025,1021,2067,404,1,261.86,27,PayPal
1345,5/4/2025,1096,2070,404,0,136.72,75,Cash/Debit
1346,5/4/2025,1196,2021,403,1,751.87,33,Credit
1347,5/4/2025,1041,2018,402,0,1084.52,65,Credit
1348,5/4/2025,1107,2039,403,3,0,57,PayPal
1349,5/4/2025,1073,2080,402,0,3329.04,24,Cash/Debit
1350,5/4/2025,1033,2025,401,2,671.09,31,PayPal
1351,5/4/2025,1003,2058,404,3,2000.25,49,Credit
1352,5/4/2025,1139,2000,404,1,1744.76,51,Credit
1353,5/4/2025,1055,2075,404,3,3122.56,20,Cash/Debit
1354,5/4/2025,1104,2056,401,0,1574.16,66,Credit
1355,5/4/2025,1062,2070,403,1,30.76,42,Cash/Debit
1356,5/4/2025,1012,2023,402,0,2818.62,41,PayPal
1357,5/4/2025,1167,2044,401,1,560.47,10,Cash/Debit
1358,5/4/2025,1008,2085,403,2,0,48,PayPal
1359,5/4/2025,1022,2006,401,3,990,9,Credit
1360,5/4/2025,1045,2020,403,1,1352.99,56,Credit
1361,5/4/2025,1116,2095,403,0,981.58,53,Cash/Debit
1362,5/4/2025,1023,2098,403,2,1452.58,31,Credit
1363,5/4/2025,1094,2048,401,3,1072.89,41,Credit
1364,5/4/2025,1140,2008,403,3,0,74,Credit
1365,5/4/2025,1034,2015,403,2,1079.95,67,PayPal
1366,5/4/2025,1134,2052,402,1,1316.27,38,PayPal
1367,5/4/2025,1156,2007,401,0,1750.17,24,Cash/Debit
1368,5/4/2025,1123,2092,403,3,0,2,PayPal
1369,5/4/2025,1155,2040,403,2,27.63,21,PayPal
1370,5/4/2025,1033,2078,404,3,568.04,41,Cash/Debit
1371,5/4/2025,1126,2023,402,2,2254.9,17,Credit
1372,5/4/2025,1049,2000,401,0,3877.24,31,PayPal
1373,5/4/2025,1119,2080,401,1,0,13,Cash/Debit
1374,5/4/2025,1157,2053,404,0,1830.45,37,PayPal
1375,5/4/2025,1085,2044,402,0,207.58,21,Cash/Debit
1376,5/4/2025,1163,2025,403,2,447.39,3,Cash/Debit
1377,5/4/2025,1017,2039,403,2,3905.76,52,Credit
1378,5/4/2025,1196,2000,401,2,0,13,PayPal
1379,5/4/2025,1087,2050,401,1,168.1,45,Cash/Debit
1380,5/4/2025,1049,2042,403,3,670.44,20,PayPal
1381,5/4/2025,1121,2004,402,3,3709,50,PayPal
1382,5/4/2025,1039,2080,404,2,665.81,5,PayPal
1383,5/4/2025,1118,2052,401,2,0,24,Cash/Debit
1384,5/4/2025,1144,2092,403,0,1446.63,18,Credit
1385,5/4/2025,1053,2073,403,2,1198.63,53,Credit
1386,5/4/2025,1016,2019,403,0,0,76,Cash/Debit
1387,5/4/2025,1086,2048,402,3,1072.89,13,Cash/Debit
1388,5/4/2025,1047,2076,401,2,0,7,PayPal
1389,5/4/2025,1180,2040,401,2,110.53,13,Credit
1390,5/4/2025,1105,2011,404,1,0,32,PayPal
1391,5/4/2025,1095,2057,403,1,786.56,38,Cash/Debit
1392,5/4/2025,1134,2038,402,0,926.51,57,Credit
1393,5/4/2025,1095,2004,402,0,0,18,Credit
1394,5/4/2025,1113,2064,401,3,294.04,12,Cash/Debit
1395,5/4/2025,1128,2019,402,2,1494.29,69,PayPal
1396,5/4/2025,1123,2093,403,2,3023.76,72,Cash/Debit
1397,5/4/2025,1036,2098,401,1,817.07,60,PayPal
1398,5/4/2025,1052,2092,401,3,1928.84,72,Credit
1399,5/4/2025,1099,2091,401,0,905.79,76,Cash/Debit
1400,5/4/2025,1079,2005,401,2,1715.12,72,Cash/Debit
1401,5/4/2025,1119,2005,401,2,686.05,73,Cash/Debit
1402,5/4/2025,1005,2073,403,1,0,5,PayPal
1403,5/4/2025,1082,2025,402,2,223.7,34,Cash/Debit
1404,5/4/2025,1070,2068,403,3,2460.72,8,Credit
1405,5/4/2025,1171,2015,403,1,0,6,Credit
1406,5/4/2025,1040,2035,401,0,899.99,32,Credit
1407,5/4/2025,1159,2071,401,1,1660.93,23,PayPal
1408,5/4/2025,1138,2044,403,2,0,76,Credit
1409,5/4/2025,1036,2090,403,1,0,21,Cash/Debit
1410,5/4/2025,1043,2009,403,2,106.1,61,Cash/Debit
1411,5/4/2025,1138,2056,401,1,944.5,28,PayPal
1412,5/4/2025,1007,2060,401,0,816.76,60,Credit
1413,5/4/2025,1098,2006,401,3,990,10,Cash/Debit
1414,5/4/2025,1100,2022,404,2,1610.83,45,Cash/Debit
1415,5/4/2025,1079,2042,402,0,167.61,75,Credit
1416,5/4/2025,1193,2097,404,1,2273.67,5,Cash/Debit
1417,5/4/2025,1023,2089,404,0,413.52,40,PayPal
1418,5/4/2025,1116,2039,404,3,3905.76,41,Cash/Debit
1419,5/4/2025,1059,2028,402,2,1531.06,69,Cash/Debit
1420,5/4/2025,1093,2050,402,2,298.85,33,PayPal
1421,5/4/2025,1083,2058,404,0,2000.25,16,Cash/Debit
1422,5/4/2025,1016,2060,401,2,653.41,58,PayPal
1423,5/4/2025,1122,2059,402,2,1228.92,68,PayPal
1424,5/4/2025,1196,2044,402,0,207.58,8,Credit
1425,5/4/2025,1103,2091,401,2,2173.9,45,Credit
1426,5/4/2025,1142,2083,401,2,1229.06,70,PayPal
1427,5/4/2025,1136,2059,404,3,2560.25,64,PayPal
1428,5/4/2025,1061,2079,402,1,2566.46,62,Cash/Debit
1429,5/4/2025,1123,2049,401,2,751.87,23,Credit
1430,5/4/2025,1053,2088,404,3,709.35,13,PayPal
1431,5/4/2025,1145,2043,402,1,1572.21,63,PayPal
1432,5/4/2025,1169,2085,401,3,1210.75,46,Cash/Debit
1433,5/4/2025,1029,2075,404,2,1249.02,30,PayPal
1434,5/4/2025,1142,2012,404,1,1682.61,1,Cash/Debit
1435,5/4/2025,1078,2051,401,0,117.32,22,Credit
1436,5/4/2025,1175,2076,404,2,1289.71,11,Cash/Debit
1437,5/4/2025,1126,2082,401,0,1066.4,72,PayPal
1438,5/4/2025,1055,2017,401,1,1669.32,68,Cash/Debit
1439,5/4/2025,1169,2019,404,2,747.14,68,Credit
1440,5/4/2025,1099,2078,404,1,383.43,2,Credit
1441,5/4/2025,1052,2087,403,2,0,52,Credit
1442,5/4/2025,1145,2086,403,3,2682.3,66,Cash/Debit
1443,5/4/2025,1183,2044,401,0,1037.9,20,Cash/Debit
1444,5/4/2025,1156,2065,404,1,423.31,12,Cash/Debit
1445,5/4/2025,1075,2007,403,0,1166.78,15,Cash/Debit
1446,5/4/2025,1000,2090,403,0,143.28,76,Credit
1447,5/4/2025,1072,2003,402,3,0,49,Credit
1448,5/4/2025,1179,2075,404,2,1873.54,29,PayPal
1449,5/4/2025,1182,2048,404,3,357.63,11,Credit
1450,5/4/2025,1111,2069,402,1,836.6,43,PayPal
1451,5/4/2025,1121,2017,402,3,2782.2,23,Credit
1452,5/4/2025,1092,2053,402,2,1464.36,12,PayPal
1453,5/4/2025,1171,2016,402,0,646.04,47,PayPal
1454,5/4/2025,1018,2082,401,1,0,38,PayPal
1455,5/4/2025,1184,2062,404,1,1672.27,5,Cash/Debit
1456,5/4/2025,1021,2017,404,3,463.7,35,Credit
1457,5/4/2025,1178,2077,404,1,505.65,8,Credit
1458,5/4/2025,1116,2065,404,3,470.34,55,PayPal
1459,5/4/2025,1098,2045,402,1,280.93,75,PayPal
1460,5/4/2025,1108,2077,401,3,1685.49,33,PayPal
1461,5/4/2025,1187,2030,403,3,509.91,28,Cash/Debit
1462,5/4/2025,1139,2073,403,0,499.43,66,Credit
1463,5/4/2025,1009,2072,404,2,0,48,Cash/Debit
1464,5/4/2025,1028,2074,404,0,3297.5,55,PayPal
1465,5/4/2025,1036,2093,403,3,0,64,Cash/Debit
1466,5/4/2025,1132,2010,401,1,0,18,PayPal
1467,5/4/2025,1120,2080,401,2,665.81,63,Cash/Debit
1468,5/4/2025,1156,2006,403,0,198,12,PayPal
1469,5/4/2025,1120,2058,404,2,1600.2,64,PayPal
1470,5/4/2025,1107,2045,403,2,249.71,16,Cash/Debit
1471,5/4/2025,1042,2004,403,2,0,70,Cash/Debit
1472,5/4/2025,1015,2080,404,1,749.03,10,Cash/Debit
1473,5/4/2025,1146,2006,403,0,792,18,Credit
1474,5/4/2025,1073,2062,401,1,1114.85,29,PayPal
1475,5/4/2025,1129,2009,403,2,0,17,Cash/Debit
1476,5/4/2025,1033,2078,403,2,340.82,60,Credit
1477,5/4/2025,1065,2001,401,1,371.12,6,PayPal
1478,5/4/2025,1151,2094,402,3,493.35,25,PayPal
1479,5/4/2025,1094,2022,403,1,0,40,PayPal
1480,5/4/2025,1124,2023,401,2,2254.9,23,PayPal
1481,5/4/2025,1021,2018,402,3,542.26,44,Cash/Debit
1482,5/4/2025,1192,2052,404,1,0,22,Cash/Debit
1483,5/4/2025,1169,2056,402,1,944.5,30,PayPal
1484,5/4/2025,1147,2093,403,0,2267.82,76,Cash/Debit
1485,5/4/2025,1164,2033,401,0,836.25,26,Credit
1486,5/4/2025,1042,2059,404,3,3072.3,46,Credit
1487,5/4/2025,1077,2060,402,3,1633.52,45,PayPal
1488,5/4/2025,1174,2090,404,3,286.56,71,PayPal
1489,5/4/2025,1067,2018,404,0,2169.04,16,Credit
1490,5/4/2025,1073,2057,404,2,349.58,22,PayPal
1491,5/4/2025,1135,2087,401,0,318.64,61,PayPal
1492,5/4/2025,1136,2081,403,3,2238.66,49,Credit
1493,5/4/2025,1156,2083,403,2,1229.06,47,PayPal
1494,5/4/2025,1069,2034,401,2,217.87,45,PayPal
1495,5/4/2025,1167,2074,404,3,2638,13,Cash/Debit
1496,5/4/2025,1197,2086,402,1,2414.07,62,PayPal
1497,5/4/2025,1133,2043,402,2,1397.52,13,Credit
1498,5/4/2025,1140,2001,401,0,1237.05,42,PayPal
1499,5/4/2025,1003,2052,401,0,731.26,76,PayPal
1500,5/4/2025,1175,2057,403,1,1179.85,74,Credit
1501,5/4/2025,1185,2036,403,1,980.91,59,Credit
1502,5/4/2025,1008,2003,401,0,0,48,Cash/Debit
1503,5/4/2025,1152,2084,402,0,281.85,18,PayPal
1504,5/4/2025,1181,2015,401,1,1214.95,65,Cash/Debit
1505,5/4/2025,1096,2084,402,0,0,75,Credit
1506,5/4/2025,1178,2023,403,2,1503.26,20,PayPal
1507,5/4/2025,1119,2084,401,3,0,76,Credit
1508,5/4/2025,1070,2098,404,2,1452.58,56,Credit
1509,5/4/2025,1065,2020,401,2,300.66,13,Credit
1510,5/4/2025,1198,2007,404,3,2333.56,71,Cash/Debit
1511,5/4/2025,1085,2007,403,2,933.42,45,Credit
1512,5/4/2025,1045,2056,401,3,3148.32,37,PayPal
1513,5/4/2025,1051,2078,404,1,383.43,32,Cash/Debit
1514,5/4/2025,1165,2062,401,1,557.42,49,Credit
1515,5/4/2025,1138,2098,404,1,817.07,2,Cash/Debit
1516,5/4/2025,1157,2082,401,3,1066.4,13,Cash/Debit
1517,5/4/2025,1183,2033,401,0,0,61,PayPal
1518,5/4/2025,1018,2009,403,3,0,8,Credit
1519,5/4/2025,1004,2063,402,0,552.46,58,Cash/Debit
1520,5/4/2025,1009,2085,404,2,193.72,28,Cash/Debit
1521,5/4/2025,1038,2089,403,3,1240.56,6,PayPal
1522,5/4/2025,1147,2000,404,3,4846.55,12,Cash/Debit
1523,5/4/2025,1111,2051,401,1,211.18,73,PayPal
1524,5/4/2025,1000,2049,404,0,5639.04,21,Credit
1525,5/4/2025,1145,2068,403,2,656.19,56,PayPal
1526,5/4/2025,1174,2038,404,0,1853.02,43,Credit
1527,5/4/2025,1161,2082,401,2,213.28,76,Cash/Debit
1528,5/4/2025,1136,2043,401,3,3493.8,58,Cash/Debit
1529,5/4/2025,1194,2098,403,1,2451.22,47,Credit
1530,5/4/2025,1045,2070,401,3,102.54,74,PayPal
1531,5/4/2025,1169,2024,403,3,621.35,64,Credit
1532,5/4/2025,1027,2080,403,3,2496.78,75,PayPal
1533,5/4/2025,1021,2080,404,1,2247.1,60,PayPal
1534,5/4/2025,1035,2004,402,0,1854.5,23,Credit
1535,5/4/2025,1184,2075,402,3,2341.92,64,Credit
1536,5/4/2025,1099,2008,403,3,66.59,64,Credit
1537,5/4/2025,1136,2057,401,0,1310.94,71,Credit
1538,5/4/2025,1086,2007,403,0,1750.17,56,Cash/Debit
1539,5/4/2025,1103,2015,402,3,2024.91,42,Credit
1540,5/4/2025,1173,2068,402,1,0,12,Credit
1541,5/4/2025,1018,2004,402,3,927.25,76,PayPal
1542,5/4/2025,1167,2002,404,0,866,58,Credit
1543,5/4/2025,1062,2089,402,0,2067.6,31,Credit
1544,5/4/2025,1044,2080,401,2,665.81,37,PayPal
1545,5/4/2025,1024,2058,402,0,2000.25,51,Cash/Debit
1546,5/4/2025,1027,2014,404,1,443.34,5,PayPal
1547,5/4/2025,1016,2025,404,2,671.09,61,Cash/Debit
1548,5/4/2025,1188,2086,404,2,2861.12,53,Cash/Debit
1549,5/4/2025,1030,2087,402,2,382.37,3,Cash/Debit
1550,5/4/2025,1054,2097,401,1,2273.67,7,Credit
1551,5/4/2025,1085,2008,401,2,106.54,70,Cash/Debit
1552,5/4/2025,1036,2096,404,1,1814.89,40,Credit
1553,5/4/2025,1178,2047,402,3,1004.94,63,Cash/Debit
1554,5/4/2025,1062,2074,401,1,1187.1,58,PayPal
1555,5/4/2025,1025,2080,404,1,3745.17,76,Cash/Debit
1556,5/4/2025,1004,2062,401,0,2477.44,25,Credit
1557,5/4/2025,1001,2022,401,2,536.94,17,Credit
1558,5/4/2025,1106,2088,404,1,1276.83,26,Cash/Debit
1559,5/4/2025,1052,2018,403,3,2169.04,51,Cash/Debit
1560,5/4/2025,1105,2030,402,0,339.94,5,Credit
1561,5/4/2025,1152,2023,404,0,1879.08,49,Credit
1562,5/4/2025,1160,2038,403,3,0,11,Cash/Debit
1563,5/4/2025,1001,2071,402,1,1660.93,50,PayPal
1564,5/4/2025,1030,2067,401,2,465.52,34,Cash/Debit
1565,5/4/2025,1194,2069,402,3,929.56,70,Cash/Debit
1566,5/4/2025,1197,2080,402,2,1331.62,38,PayPal
1567,5/4/2025,1013,2024,401,1,335.53,51,PayPal
1568,5/4/2025,1175,2060,404,1,735.08,9,PayPal
1569,5/4/2025,1040,2085,401,0,484.3,3,Credit
1570,5/4/2025,1165,2046,403,1,60.17,8,PayPal
1571,5/4/2025,1111,2032,403,3,3782.4,71,Cash/Debit
1572,5/4/2025,1011,2013,401,1,1683.65,53,PayPal
1573,5/4/2025,1040,2003,404,0,385.18,15,Credit
1574,5/4/2025,1018,2030,404,2,135.98,45,Credit
1575,5/4/2025,1107,2025,403,1,754.97,53,Credit
1576,5/4/2025,1199,2014,403,1,0,10,Cash/Debit
1577,5/4/2025,1025,2030,404,1,0,34,PayPal
1578,5/4/2025,1096,2028,401,3,2551.76,73,Cash/Debit
1579,5/4/2025,1149,2062,401,3,1858.08,55,Credit
1580,5/4/2025,1037,2027,404,1,465.5,11,Cash/Debit
1581,5/4/2025,1099,2047,402,3,0,58,Cash/Debit
1582,5/4/2025,1184,2024,403,2,198.83,29,Credit
1583,5/4/2025,1051,2042,402,0,167.61,29,PayPal
1584,5/4/2025,1177,2072,401,2,672.48,72,Credit
1585,5/4/2025,1034,2014,404,3,985.2,42,PayPal
1586,5/4/2025,1107,2021,403,1,751.87,27,Cash/Debit
1587,5/4/2025,1075,2077,402,1,2528.24,22,Credit
1588,5/4/2025,1147,2070,402,0,34.18,24,PayPal
1589,5/4/2025,1105,2066,404,1,928.91,31,PayPal
1590,5/4/2025,1151,2060,404,2,653.41,58,Credit
1591,5/4/2025,1003,2093,404,1,680.35,62,Cash/Debit
1592,5/4/2025,1063,2041,404,1,2171.37,11,PayPal
1593,5/4/2025,1151,2019,401,3,933.93,19,Credit
1594,5/4/2025,1011,2005,404,0,428.78,68,PayPal
1595,5/4/2025,1108,2067,404,3,290.95,18,Credit
1596,5/4/2025,1178,2012,404,3,623.19,69,PayPal
1597,5/4/2025,1061,2010,401,3,389.2,58,PayPal
1598,5/4/2025,1055,2016,403,2,0,48,PayPal
1599,5/4/2025,1061,2082,401,0,266.6,46,Credit
1600,5/4/2025,1122,2085,403,1,217.94,19,Credit
1601,5/4/2025,1180,2058,401,3,666.75,62,Credit
1602,5/4/2025,1118,2098,402,3,907.86,65,Credit
1603,5/4/2025,1047,2047,404,0,334.98,12,PayPal
1604,5/4/2025,1160,2009,404,2,0,34,Cash/Debit
1605,5/4/2025,1135,2004,403,3,3709,28,PayPal
1606,5/4/2025,1192,2034,402,0,0,29,Credit
1607,5/4/2025,1158,2042,401,2,402.26,44,Cash/Debit
1608,5/4/2025,1013,2014,404,2,197.04,3,Credit
1609,5/4/2025,1119,2079,401,2,4562.59,42,Cash/Debit
1610,5/4/2025,1093,2022,401,1,604.06,10,PayPal
1611,5/4/2025,1035,2042,402,0,335.22,29,PayPal
1612,5/4/2025,1166,2061,402,1,179.93,33,PayPal
1613,5/4/2025,1082,2045,403,3,312.14,7,Credit
1614,5/4/2025,1070,2006,401,2,633.6,4,PayPal
1615,5/4/2025,1088,2057,404,0,436.98,43,Credit
1616,5/4/2025,1120,2090,403,3,214.92,74,Credit
1617,5/4/2025,1158,2047,401,1,904.45,33,PayPal
1618,5/4/2025,1117,2011,401,3,0,13,Credit
1619,5/4/2025,1045,2036,401,0,217.98,47,Cash/Debit
1620,5/4/2025,1042,2035,401,1,809.99,52,Cash/Debit
1621,5/4/2025,1127,2019,402,0,933.93,31,Cash/Debit
1622,5/4/2025,1075,2053,402,3,2440.6,29,PayPal
1623,5/4/2025,1088,2053,404,0,610.15,41,Cash/Debit
1624,5/4/2025,1074,2024,401,0,248.54,44,Credit
1625,5/4/2025,1059,2066,403,3,2064.24,74,PayPal
1626,5/4/2025,1148,2043,403,3,873.45,13,Credit
1627,5/4/2025,1151,2085,404,3,726.45,56,Credit
1628,5/4/2025,1077,2072,402,2,1008.72,32,Credit
1629,5/4/2025,1043,2033,402,3,836.25,65,Cash/Debit
1630,5/4/2025,1095,2036,401,1,392.36,7,Cash/Debit
1631,5/4/2025,1090,2036,404,1,588.55,47,Credit
1632,5/4/2025,1158,2020,403,1,676.49,38,PayPal
1633,5/4/2025,1044,2090,402,1,0,8,Cash/Debit
1634,5/4/2025,1060,2014,401,2,591.12,76,PayPal
1635,5/4/2025,1147,2016,404,2,516.83,12,Credit
1636,5/4/2025,1094,2023,402,0,1879.08,23,Cash/Debit
1637,5/4/2025,1170,2040,403,1,0,25,Credit
1638,5/4/2025,1095,2057,402,2,349.58,7,PayPal
1639,5/4/2025,1031,2003,404,3,0,74,Cash/Debit
1640,5/4/2025,1196,2018,404,2,433.81,22,PayPal
1641,5/4/2025,1039,2000,403,2,775.45,73,PayPal
1642,5/4/2025,1121,2037,402,3,1080.42,21,PayPal
1643,5/4/2025,1086,2088,401,3,2837.4,21,Cash/Debit
1644,5/4/2025,1010,2017,401,2,1112.88,26,Credit
1645,5/4/2025,1006,2051,402,3,351.96,26,Cash/Debit
1646,5/4/2025,1091,2011,403,0,819.48,34,Cash/Debit
1647,5/4/2025,1155,2082,402,1,959.76,10,Credit
1648,5/4/2025,1005,2098,403,1,817.07,26,Credit
1649,5/4/2025,1005,2010,404,0,233.52,57,PayPal
1650,5/4/2025,1131,2050,402,3,747.12,6,PayPal
1651,5/4/2025,1081,2077,401,2,1797.86,57,Credit
1652,5/4/2025,1101,2018,404,2,867.62,71,Credit
1653,5/4/2025,1098,2047,401,2,1071.94,5,PayPal
1654,5/4/2025,1088,2044,403,3,830.32,50,Cash/Debit
1655,5/4/2025,1143,2011,402,3,1229.22,36,Credit
1656,5/4/2025,1189,2053,404,2,1464.36,52,PayPal
1657,5/4/2025,1041,2093,404,3,2267.82,56,Cash/Debit
1658,5/4/2025,1035,2075,401,1,1405.15,15,PayPal
1659,5/4/2025,1053,2038,404,2,2964.83,28,Credit
1660,5/4/2025,1016,2075,404,0,3122.56,52,Cash/Debit
1661,5/4/2025,1001,2052,403,3,731.26,61,PayPal
1662,5/4/2025,1044,2071,404,1,553.64,12,Cash/Debit
1663,5/4/2025,1051,2023,404,2,0,52,Credit
1664,5/4/2025,1141,2062,401,2,1486.46,55,Cash/Debit
1665,5/4/2025,1149,2038,404,3,926.51,47,Credit
1666,5/4/2025,1057,2003,401,1,2079.97,10,Credit
1667,5/4/2025,1067,2038,404,0,926.51,46,PayPal
1668,5/4/2025,1167,2085,403,3,242.15,16,PayPal
1669,5/4/2025,1045,2062,402,0,1858.08,59,Credit
1670,5/4/2025,1030,2097,403,3,3368.4,11,Credit
1671,5/4/2025,1017,2076,403,3,0,27,Cash/Debit
1672,5/4/2025,1144,2055,403,3,161.82,18,PayPal
1673,5/4/2025,1177,2015,403,0,674.97,64,PayPal
1674,5/4/2025,1066,2020,401,1,1014.74,31,PayPal
1675,5/4/2025,1081,2059,402,2,409.64,33,PayPal
1676,5/4/2025,1041,2006,403,2,475.2,19,Credit
1677,5/4/2025,1107,2081,403,0,3731.1,9,PayPal
1678,5/4/2025,1074,2037,401,1,0,19,PayPal
1679,5/4/2025,1196,2080,402,0,832.26,52,Cash/Debit
1680,5/4/2025,1153,2096,402,2,1075.49,6,Cash/Debit
1681,5/4/2025,1080,2087,403,2,127.46,28,Credit
1682,5/4/2025,1175,2089,403,0,2067.6,76,Cash/Debit
1683,5/4/2025,1136,2074,403,1,593.55,66,PayPal
1684,5/4/2025,1003,2017,403,2,1112.88,25,PayPal
1685,5/4/2025,1199,2062,404,2,990.98,64,Cash/Debit
1686,5/4/2025,1041,2013,402,1,1683.65,22,Credit
1687,5/4/2025,1128,2028,402,0,0,14,Credit
1688,5/4/2025,1106,2058,401,0,1333.5,19,PayPal
1689,5/4/2025,1033,2002,404,2,1385.6,58,Credit
1690,5/4/2025,1079,2088,403,1,2553.66,61,Credit
1691,5/4/2025,1113,2076,403,1,0,15,Credit
1692,5/4/2025,1181,2038,401,0,2779.53,12,Cash/Debit
1693,5/4/2025,1056,2016,402,1,872.15,16,Cash/Debit
1694,5/4/2025,1078,2016,402,1,872.15,41,Credit
1695,5/4/2025,1020,2054,401,0,1801.02,18,Credit
1696,5/4/2025,1004,2099,404,3,0,40,Cash/Debit
1697,5/4/2025,1010,2025,401,0,559.24,52,Cash/Debit
1698,5/4/2025,1168,2065,401,3,1411.02,2,PayPal
1699,5/4/2025,1030,2032,401,0,945.6,33,Credit
1700,5/4/2025,1077,2085,401,0,0,71,Credit
1701,5/4/2025,1005,2015,402,1,0,52,PayPal
1702,5/4/2025,1047,2085,403,0,242.15,46,Cash/Debit
1703,5/4/2025,1023,2018,403,2,0,42,Credit
1704,5/4/2025,1090,2020,402,0,751.66,26,Credit
1705,5/4/2025,1025,2074,401,1,593.55,55,Credit
1706,5/4/2025,1183,2024,403,1,335.53,43,Credit
1707,5/4/2025,1193,2068,401,0,820.24,55,Credit
1708,5/4/2025,1054,2064,404,2,235.23,38,Cash/Debit
1709,5/4/2025,1178,2075,402,3,5464.48,19,Cash/Debit
1710,5/4/2025,1172,2013,402,2,2244.86,38,PayPal
1711,5/4/2025,1097,2054,402,1,810.46,29,PayPal
1712,5/4/2025,1104,2014,403,0,246.3,17,Cash/Debit
1713,5/4/2025,1119,2014,402,3,1231.5,14,PayPal
1714,5/4/2025,1195,2046,403,0,100.29,23,PayPal
1715,5/4/2025,1021,2041,404,0,0,64,PayPal
1716,5/4/2025,1098,2036,404,2,0,53,Credit
1717,5/4/2025,1175,2056,402,3,2098.88,5,Cash/Debit
1718,5/4/2025,1074,2054,402,0,2701.53,67,Cash/Debit
1719,5/4/2025,1121,2086,403,1,3218.76,10,Credit
1720,5/4/2025,1003,2086,404,0,1788.2,28,Credit
1721,5/4/2025,1101,2056,401,0,524.72,49,Credit
1722,5/4/2025,1036,2050,404,0,747.12,15,Cash/Debit
1723,5/4/2025,1189,2021,401,2,1336.66,19,Credit
1724,5/4/2025,1050,2043,402,3,873.45,46,Credit
1725,5/4/2025,1031,2029,404,3,40.53,40,Cash/Debit
1726,5/4/2025,1071,2097,403,3,2526.3,9,PayPal
1727,5/4/2025,1091,2060,404,3,1225.14,54,Cash/Debit
1728,5/4/2025,1130,2035,402,3,899.99,4,Credit
1729,5/4/2025,1027,2015,403,3,0,17,Cash/Debit
1730,5/4/2025,1127,2029,402,0,40.53,31,Credit
1731,5/4/2025,1025,2094,401,0,1973.4,13,Cash/Debit
1732,5/4/2025,1127,2086,401,1,4828.14,38,Cash/Debit
1733,5/4/2025,1097,2077,403,1,2022.59,11,Credit
1734,5/4/2025,1077,2079,401,0,1901.08,43,PayPal
1735,5/4/2025,1169,2096,404,3,672.18,66,Credit
1736,5/4/2025,1051,2037,404,3,1800.7,65,PayPal
1737,5/4/2025,1129,2033,403,0,1672.5,75,Credit
1738,5/4/2025,1195,2004,404,0,2781.75,59,Cash/Debit
1739,5/4/2025,1098,2057,403,3,1310.94,12,Cash/Debit
1740,5/4/2025,1113,2058,401,0,2000.25,29,Credit
1741,5/4/2025,1045,2071,403,1,0,52,PayPal
1742,5/4/2025,1125,2055,402,2,86.3,36,PayPal
1743,5/4/2025,1183,2049,404,0,1879.68,59,Credit
1744,5/4/2025,1145,2086,404,3,2682.3,51,Credit
1745,5/4/2025,1121,2071,402,0,1845.48,29,Credit
1746,5/4/2025,1100,2033,404,3,2508.75,28,Cash/Debit
1747,5/4/2025,1157,2086,403,2,1430.56,58,PayPal
1748,5/4/2025,1082,2007,401,0,1750.17,38,Cash/Debit
1749,5/4/2025,1032,2046,403,0,167.15,71,Cash/Debit
1750,5/4/2025,1195,2080,403,3,3329.04,60,Cash/Debit
1751,5/4/2025,1024,2054,403,2,0,68,Cash/Debit
1752,5/4/2025,1105,2044,401,1,373.64,8,Credit
1753,5/4/2025,1063,2030,403,0,509.91,63,PayPal
1754,5/4/2025,1176,2008,403,0,133.18,52,Credit
1755,5/4/2025,1086,2021,401,2,2004.98,56,Credit
1756,5/4/2025,1009,2058,404,3,2000.25,56,Cash/Debit
1757,5/4/2025,1068,2002,404,0,0,43,PayPal
1758,5/4/2025,1081,2048,404,2,572.21,27,Cash/Debit
1759,5/4/2025,1146,2012,404,0,623.19,20,Cash/Debit
1760,5/4/2025,1176,2086,402,2,1430.56,14,Cash/Debit
1761,5/4/2025,1127,2064,403,1,529.27,52,PayPal
1762,5/4/2025,1157,2038,403,3,4632.55,27,PayPal
1763,5/4/2025,1051,2063,401,1,0,29,PayPal
1764,5/4/2025,1073,2033,401,2,1338,48,Credit
1765,5/4/2025,1146,2051,402,0,0,61,Credit
1766,5/4/2025,1183,2074,401,2,0,46,Cash/Debit
1767,5/4/2025,1069,2008,404,3,66.59,65,Credit
1768,5/4/2025,1053,2044,401,2,332.13,10,Credit
1769,5/4/2025,1129,2038,404,2,0,48,Credit
1770,5/4/2025,1051,2053,404,2,488.12,31,Credit
1771,5/4/2025,1159,2065,404,1,1693.22,14,Cash/Debit
1772,5/4/2025,1004,2080,402,3,3329.04,26,PayPal
1773,5/4/2025,1054,2084,404,2,901.92,19,Credit
1774,5/4/2025,1163,2068,404,0,1640.48,62,Credit
1775,5/4/2025,1133,2025,403,3,838.86,55,Cash/Debit
1776,5/4/2025,1037,2030,402,2,271.95,28,PayPal
1777,5/4/2025,1111,2052,403,0,731.26,62,PayPal
1778,5/4/2025,1162,2026,404,2,169.25,6,Cash/Debit
1779,5/4/2025,1073,2082,402,2,213.28,40,Credit
1780,5/4/2025,1175,2076,402,3,806.07,57,PayPal
1781,5/4/2025,1061,2014,402,1,665.01,73,Credit
1782,5/4/2025,1007,2031,403,3,1695.9,24,PayPal
1783,5/4/2025,1124,2071,404,3,1845.48,54,Credit
1784,5/4/2025,1165,2004,402,1,1669.05,58,Credit
1785,5/4/2025,1069,2017,401,2,0,44,Cash/Debit
1786,5/4/2025,1071,2084,402,0,281.85,53,PayPal
1787,5/4/2025,1184,2062,401,0,2477.44,2,Cash/Debit
1788,5/4/2025,1021,2040,403,0,69.08,55,Credit
1789,5/4/2025,1104,2046,401,3,167.15,3,Credit
1790,5/4/2025,1185,2017,402,0,1854.8,11,PayPal
1791,5/4/2025,1146,2094,401,2,789.36,23,PayPal
1792,5/4/2025,1127,2011,402,0,409.74,26,PayPal
1793,5/4/2025,1197,2040,403,3,138.16,48,Credit
1794,5/4/2025,1191,2095,402,3,1963.16,66,Cash/Debit
1795,5/4/2025,1055,2018,401,1,488.03,42,PayPal
1796,5/4/2025,1054,2035,404,3,899.99,72,Cash/Debit
1797,5/4/2025,1065,2075,401,3,3903.2,15,PayPal
1798,5/4/2025,1136,2047,401,2,267.98,14,Cash/Debit
1799,5/4/2025,1139,2054,404,1,3241.84,26,PayPal
1800,5/4/2025,1071,2018,403,3,0,25,Cash/Debit
1801,5/4/2025,1183,2047,403,0,1004.94,40,PayPal
1802,5/4/2025,1165,2077,401,0,1685.49,23,PayPal
1803,5/4/2025,1176,2085,402,2,581.16,69,Credit
1804,5/4/2025,1141,2049,403,2,1503.74,59,Cash/Debit
1805,5/4/2025,1175,2015,402,3,674.97,8,Cash/Debit
1806,5/4/2025,1099,2001,404,2,0,14,Cash/Debit
1807,5/4/2025,1077,2011,402,2,655.58,42,Credit
1808,5/4/2025,1053,2020,404,2,601.33,53,Cash/Debit
1809,5/4/2025,1196,2082,404,0,533.2,26,PayPal
1810,5/4/2025,1070,2010,404,3,311.36,69,PayPal
1811,5/4/2025,1188,2052,403,3,2925.04,18,Credit
1812,5/4/2025,1025,2020,403,0,375.83,73,Credit
1813,5/4/2025,1090,2053,403,3,1830.45,13,Cash/Debit
1814,5/4/2025,1177,2003,401,1,346.66,43,PayPal
1815,5/4/2025,1161,2056,402,0,1049.44,49,Credit
1816,5/4/2025,1102,2025,403,2,0,43,Cash/Debit
1817,5/4/2025,1147,2010,401,1,70.06,40,Cash/Debit
1818,5/4/2025,1063,2066,402,3,516.06,15,Credit
1819,5/4/2025,1081,2057,404,1,786.56,68,PayPal
1820,5/4/2025,1066,2022,403,2,536.94,71,PayPal
1821,5/4/2025,1050,2010,404,2,62.27,66,PayPal
1822,5/4/2025,1046,2050,404,1,336.2,24,Cash/Debit
1823,5/4/2025,1005,2002,402,0,3464,31,Cash/Debit
1824,5/4/2025,1118,2025,403,1,0,68,Credit
1825,5/4/2025,1012,2051,404,2,93.86,38,PayPal
1826,5/4/2025,1038,2011,403,1,1475.06,35,Cash/Debit
1827,5/4/2025,1145,2015,401,3,2024.91,75,Credit
1828,5/4/2025,1197,2058,404,0,666.75,15,PayPal
1829,5/4/2025,1057,2091,402,1,815.21,23,PayPal
1830,5/4/2025,1005,2034,403,3,544.68,26,PayPal
1831,5/4/2025,1097,2016,404,1,290.72,71,PayPal
1832,5/4/2025,1153,2027,403,1,698.25,25,Credit
1833,5/4/2025,1107,2023,404,1,2536.76,1,Credit
1834,5/4/2025,1007,2037,403,1,648.25,3,PayPal
1835,5/4/2025,1158,2057,402,2,699.17,17,PayPal
1836,5/4/2025,1149,2087,404,0,637.28,37,Credit
1837,5/4/2025,1002,2060,402,2,326.7,59,PayPal
1838,5/4/2025,1177,2050,402,3,186.78,49,Cash/Debit
1839,5/4/2025,1181,2054,403,0,1801.02,63,PayPal
1840,5/4/2025,1024,2071,401,0,615.16,28,Cash/Debit
1841,5/4/2025,1085,2030,404,2,407.93,53,PayPal
1842,5/4/2025,1155,2085,401,0,726.45,64,Credit
1843,5/4/2025,1064,2064,404,2,940.93,37,PayPal
1844,5/4/2025,1101,2085,403,1,217.94,21,PayPal
1845,5/4/2025,1143,2005,402,2,343.02,12,PayPal
1846,5/4/2025,1043,2064,404,2,235.23,63,PayPal
1847,5/4/2025,1119,2016,401,2,258.42,32,Cash/Debit
1848,5/4/2025,1181,2067,404,1,523.71,59,Cash/Debit
1849,5/4/2025,1066,2014,403,0,0,31,Credit
1850,5/4/2025,1032,2063,403,2,441.97,45,PayPal
1851,5/4/2025,1110,2036,403,2,348.77,68,PayPal
1852,5/4/2025,1132,2040,404,1,124.34,56,PayPal
1853,5/4/2025,1080,2094,404,1,0,14,Credit
1854,5/4/2025,1142,2084,404,0,0,47,Cash/Debit
1855,5/4/2025,1048,2019,401,1,840.54,16,Credit
1856,5/4/2025,1046,2004,404,2,741.8,76,Credit
1857,5/4/2025,1041,2090,404,3,358.2,60,PayPal
1858,5/4/2025,1029,2063,401,3,1657.38,61,Cash/Debit
1859,5/4/2025,1091,2090,404,3,214.92,34,Cash/Debit
1860,5/4/2025,1126,2014,402,0,492.6,10,Credit
1861,5/4/2025,1089,2011,402,2,1638.96,33,Credit
1862,5/4/2025,1046,2021,403,1,2255.61,21,Cash/Debit
1863,5/4/2025,1149,2000,402,3,4846.55,50,PayPal
1864,5/4/2025,1019,2031,404,0,1695.9,33,Cash/Debit
1865,5/4/2025,1084,2003,403,0,0,22,Cash/Debit
1866,5/4/2025,1100,2047,401,2,803.95,1,Credit
1867,5/4/2025,1039,2003,401,3,1155.54,29,Credit
1868,5/4/2025,1181,2084,404,3,1127.4,73,Cash/Debit
1869,5/4/2025,1160,2034,401,2,326.81,65,Cash/Debit
1870,5/4/2025,1011,2083,404,2,614.53,74,Credit
1871,5/4/2025,1187,2093,402,1,680.35,68,Cash/Debit
1872,5/4/2025,1012,2082,403,2,853.12,19,PayPal
1873,5/4/2025,1014,2095,401,3,0,44,Cash/Debit
1874,5/4/2025,1023,2051,403,1,211.18,5,Cash/Debit
1875,5/4/2025,1061,2098,404,0,2723.58,64,PayPal
1876,5/4/2025,1005,2026,402,3,211.56,65,PayPal
1877,5/4/2025,1199,2051,403,1,0,2,PayPal
1878,5/4/2025,1030,2038,404,3,3706.04,39,Credit
1879,5/4/2025,1188,2039,402,2,1562.3,32,Credit
1880,5/4/2025,1170,2012,403,1,560.87,9,Credit
1881,5/4/2025,1125,2057,404,3,1310.94,5,Credit
1882,5/4/2025,1068,2072,404,0,420.3,21,Credit
1883,5/4/2025,1193,2054,403,1,0,66,Cash/Debit
1884,5/4/2025,1111,2080,404,0,1664.52,10,PayPal
1885,5/4/2025,1010,2065,403,3,0,42,PayPal
1886,5/4/2025,1173,2028,402,3,2551.76,12,PayPal
1887,5/4/2025,1134,2080,401,2,1331.62,2,Cash/Debit
1888,5/4/2025,1119,2055,401,3,269.7,58,Cash/Debit
1889,5/4/2025,1076,2019,402,2,747.14,16,PayPal
1890,5/4/2025,1063,2066,404,2,0,66,Cash/Debit
1891,5/4/2025,1145,2006,401,0,0,36,Credit
1892,5/4/2025,1131,2013,404,3,4676.8,33,PayPal
1893,5/4/2025,1024,2059,403,2,0,42,Cash/Debit
1894,5/4/2025,1065,2074,401,0,3297.5,33,Credit
1895,5/4/2025,1029,2094,404,1,0,21,PayPal
1896,5/4/2025,1046,2050,401,0,560.34,14,Credit
1897,5/4/2025,1106,2090,403,2,114.62,3,Cash/Debit
1898,5/4/2025,1150,2092,404,3,482.21,53,Credit
1899,5/4/2025,1159,2033,403,1,752.62,40,Credit
1900,5/4/2025,1054,2023,401,2,751.63,59,PayPal
1901,5/4/2025,1172,2013,404,0,1870.72,24,Credit
1902,5/4/2025,1001,2050,401,0,560.34,17,Credit
1903,5/4/2025,1043,2083,404,3,2304.48,16,Credit
1904,5/4/2025,1177,2051,404,2,281.57,48,PayPal
1905,5/4/2025,1158,2078,403,3,568.04,43,PayPal
1906,5/4/2025,1077,2011,402,1,368.77,50,PayPal
1907,5/4/2025,1003,2024,401,0,248.54,,
1908,5/4/2025,1178,2024,401,1,223.69,36,Credit
1909,5/4/2025,1123,2083,402,1,1382.69,54,PayPal
1910,5/4/2025,1111,2080,402,0,3329.04,5,Cash/Debit
1911,5/4/2025,1077,2098,404,1,817.07,38,Credit
1912,5/4/2025,1121,2054,401,0,0,42,Credit
1913,5/4/2025,1042,2019,404,3,933.93,1,Cash/Debit
1914,5/4/2025,1120,2002,404,1,1558.8,46,PayPal
1915,5/4/2025,1051,2037,404,0,0,7,Credit
1916,5/4/2025,1085,2001,401,3,412.35,51,Cash/Debit
1917,5/4/2025,1106,2063,403,0,0,71,PayPal
1918,5/4/2025,1124,2051,404,3,351.96,27,Cash/Debit
1919,5/4/2025,1059,2091,401,0,1811.58,9,Cash/Debit
1920,5/4/2025,1108,2073,403,0,1498.29,4,Credit
1921,5/4/2025,1068,2082,404,3,0,59,Credit
1922,5/4/2025,1029,2063,403,3,3314.76,5,Credit
1923,5/4/2025,1178,2055,401,1,242.73,44,PayPal
1924,5/4/2025,1073,2092,402,3,482.21,1,PayPal
1925,5/4/2025,1088,2056,402,1,1888.99,64,Credit
1926,5/4/2025,1150,2087,403,3,477.96,4,Cash/Debit
1927,5/4/2025,1033,2037,404,3,1440.56,35,Credit
1928,5/4/2025,1172,2083,403,3,2304.48,72,PayPal
1929,5/4/2025,1041,2079,402,2,2281.3,52,Credit
1930,5/4/2025,1176,2095,401,3,1472.37,54,PayPal
1931,5/4/2025,1033,2022,402,1,1208.12,31,PayPal
1932,5/4/2025,1155,2062,401,3,1858.08,56,Credit
1933,5/4/2025,1126,2038,402,1,1667.72,8,PayPal
1934,5/4/2025,1142,2006,401,2,0,76,Credit
1935,5/4/2025,1066,2045,402,1,1123.7,72,Credit
1936,5/4/2025,1128,2004,401,2,2967.2,25,PayPal
1937,5/4/2025,1110,2014,402,0,246.3,23,Credit
1938,5/4/2025,1143,2028,404,2,1531.06,44,Credit
1939,5/4/2025,1087,2045,401,2,0,4,PayPal
1940,5/4/2025,1038,2088,401,0,1418.7,74,PayPal
1941,5/4/2025,1112,2058,401,0,0,45,PayPal
1942,5/4/2025,1005,2078,401,0,426.03,44,Credit
1943,5/4/2025,1129,2013,402,0,1870.72,2,Credit
1944,5/4/2025,1052,2046,402,2,26.74,19,Cash/Debit
1945,5/4/2025,1181,2056,404,0,0,27,PayPal
1946,5/4/2025,1039,2082,403,2,0,66,PayPal
1947,5/4/2025,1035,2015,402,3,3374.85,40,Credit
1948,5/4/2025,1106,2098,401,1,1634.15,41,Cash/Debit
1949,5/4/2025,1121,2043,403,1,1572.21,17,Credit
1950,5/4/2025,1021,2034,403,3,544.68,32,PayPal
1951,5/4/2025,1092,2080,402,1,3745.17,44,Credit
1952,5/4/2025,1192,2096,404,1,1814.89,34,Credit
1953,5/4/2025,1035,2054,404,3,0,75,Credit
1954,5/4/2025,1117,2066,403,0,0,42,PayPal
1955,5/4/2025,1113,2018,401,0,1084.52,74,Cash/Debit
1956,5/4/2025,1021,2043,403,3,2620.35,71,Credit
1957,5/4/2025,1197,2021,404,0,1670.82,62,Cash/Debit
1958,5/4/2025,1100,2097,401,1,2273.67,47,PayPal
1959,5/4/2025,1147,2007,403,3,0,47,Credit
1960,5/4/2025,1102,2087,403,2,0,61,Cash/Debit
1961,5/4/2025,1088,2001,403,1,1113.34,43,PayPal
1962,5/4/2025,1179,2051,404,1,211.18,48,PayPal
1963,5/4/2025,1139,2079,404,2,2281.3,44,Cash/Debit
1964,5/4/2025,1005,2083,404,1,691.34,7,Credit
1965,5/4/2025,1077,2010,401,2,186.82,47,Cash/Debit
1966,5/4/2025,1099,2092,402,2,1157.3,56,Credit
1967,5/4/2025,1054,2011,403,2,327.79,72,PayPal
1968,5/4/2025,1193,2081,402,0,2238.66,8,Cash/Debit
1969,5/4/2025,1007,2069,403,1,836.6,20,Cash/Debit
1970,5/4/2025,1198,2038,404,0,1853.02,1599,PayPal
1971,5/4/2025,1187,2007,403,2,466.71,26,Cash/Debit
1972,5/4/2025,1160,2064,403,0,1176.16,63,PayPal
1973,5/4/2025,1012,2096,401,3,672.18,74,Credit
1974,5/4/2025,1076,2073,401,3,499.43,67,Cash/Debit
1975,5/4/2025,1086,2030,402,2,407.93,19,PayPal
1976,5/4/2025,1076,2036,402,3,217.98,40,PayPal
1977,5/4/2025,1133,2094,402,0,1973.4,60,PayPal
1978,5/4/2025,1083,2066,402,2,1238.54,25,Credit
1979,5/4/2025,1116,2012,402,3,0,71,Credit
1980,5/4/2025,1105,2010,401,0,155.68,45,PayPal
1981,5/4/2025,1108,2016,404,1,872.15,1599,Cash/Debit
1982,5/4/2025,1114,2009,403,3,198.93,24,Cash/Debit
1983,5/4/2025,1150,2071,404,2,492.13,2,Cash/Debit
1984,5/4/2025,1149,2063,404,3,2762.3,30,Cash/Debit
1985,5/4/2025,1176,2062,404,1,557.42,,
1986,5/4/2025,1036,2064,402,3,294.04,47,Cash/Debit
1987,5/4/2025,1182,2058,402,0,0,76,Credit
1988,5/4/2025,1177,2027,404,3,1034.44,32,Cash/Debit
1989,5/4/2025,1008,2095,402,2,0,35,PayPal
1990,5/4/2025,1030,2077,404,0,1123.66,33,PayPal
1991,5/4/2025,1030,2047,403,0,334.98,64,Credit
1992,5/4/2025,1133,2019,401,2,747.14,70,PayPal
1993,5/4/2025,1078,2047,403,2,535.97,,
1994,5/4/2025,1124,2003,402,1,1386.65,14,Cash/Debit
1995,5/4/2025,1005,2075,404,0,3122.56,76,PayPal
1996,5/4/2025,1078,2036,402,1,588.55,25,PayPal
1997,5/4/2025,1189,2062,401,0,2477.44,69,Credit
1998,5/4/2025,1140,2044,401,0,207.58,,
1999,5/4/2025,1106,2061,403,3,599.76,10,Cash/Debit
2000,5/4/2025,1086,2048,404,1,321.87,,
6,5/4/2025,1089,2028,401,0,1275.88,45,Cash/Debit
